0.008308363046988357,-0.006425455221875348,-0.002990614809175947,0.008950425704781039,0.007175786586125982,-0.016318809690480274,-0.027373176686359472,0.015477248526510756,0.01749851462426564,-0.01858753247919074,-0.0032981530652785957,-0.025021883275233716,0.018948880785183978,0.013880266949576885,-0.03579138232243726,-0.010781821933533093,-9.398332978517486e-05,0.026779491155636898,-0.021605721985249463,-0.008069316915212546
0.029432352967635435,0.06394696592831968,0.03416010107404063,0.001625119833264143,0.042697704560873975,0.053927091771781774,0.03768132001024775,0.055545236064031306,0.0007696676156625018,0.05735023258728597,0.016043492541008807,0.02460506574370517,0.007628854712335754,0.03111676381302827,0.024848304195488318,0.08573835041381664,0.04577622447090278,0.05403754023273539,0.030144514679347735,0.03794669488065092
0.04514770946413289,0.0557501153370203,0.04131280264292573,0.05870496551025141,0.060964586050958544,0.060808382545028586,0.08849361782256472,0.08626327494845293,0.04718834445771397,0.04597404067618382,0.05750019044582424,0.06425348440592481,0.023545243355822136,0.06277802232312986,0.07213584281857884,0.08200340879873011,0.10000626315763399,0.09749023269406426,0.08533438905589719,0.1135052268427389
0.11761051399885498,0.09837548061227852,0.0645348518311519,0.1315486217084375,0.08427738719027586,0.09973460713704874,0.09768082044554861,0.09689228710382529,0.09708244706848396,0.06954847382225716,0.08844181670864358,0.0739250605383048,0.11941974302204551,0.06556841353762803,0.11921515978743483,0.11720508177376865,0.16173749619665467,0.1180868952113217,0.16552056273028104,0.11135540470035626
0.14829674219096886,0.13355458346991875,0.1280615319594192,0.13202001469388772,0.1133209328405833,0.10840074507714935,0.0883471413204876,0.0825416028891292,0.10297937604733919,0.1192332500379347,0.10962722090588525,0.07808502579535792,0.11719361518319446,0.13385017970980886,0.08767610074258408,0.18660130872768235,0.18701852291907478,0.18832873965692065,0.20062094841215938,0.18895450815716877
0.1262597977819082,0.1478684164536662,0.13702419917060712,0.1433773331088021,0.12878470043909468,0.12275673866874658,0.12552485184397708,0.16770262421983545,0.114744242890585,0.16797385412889299,0.13211183784504943,0.11866720951833631,0.14497185238915294,0.12072414742426699,0.1303728778253625,0.20451052084519292,0.2452546467520338,0.23416743892553749,0.1810874280778697,0.20586390776074842
0.1641616764640121,0.1792629795689134,0.15736090068831418,0.19394813241406614,0.15979686321934217,0.1546220676696494,0.13726738075646777,0.1359174834921021,0.1601391821451016,0.13138099999365035,0.14824166743699718,0.1717559225004761,0.17276809715506083,0.14376188544181373,0.20150524709441964,0.2838333840313513,0.2352075878233612,0.24573335297301552,0.2569715237108919,0.21151727603253015
0.174318820676167,0.1465999179379586,0.17222185464918255,0.1751282958843383,0.20460427104739554,0.22416788465128196,0.1752507711311982,0.18378463237605575,0.16660321661431832,0.16040146777878214,0.16600194875798827,0.1907293917189275,0.1619237528299654,0.17604284519398933,0.19970100868501983,0.27103513474981256,0.2731094210502656,0.29434868173429524,0.27232089010616467,0.2829134468895785
0.18976666927049202,0.2129023683702668,0.19942053102509225,0.2028810831587528,0.16604665348836856,0.2485852234440607,0.214268736792381,0.21169465638876522,0.18101385861247785,0.18756820810384772,0.19103746600464488,0.18404742519864514,0.16646362846048457,0.16038193161343656,0.2081284813354497,0.3128508306255518,0.2963209081613729,0.28350867399022683,0.3114914167514145,0.32777620993046785
0.21394782074806612,0.16280310110535995,0.23347624142058684,0.2576713239294465,0.23731204618502305,0.22745852407295722,0.18700792485707307,0.2738380529564125,0.222974439072644,0.2261932820367054,0.227188167793878,0.19731294027964447,0.19170640909997635,0.22679067649476495,0.2505916628467418,0.3390437047939648,0.32683659270368143,0.313113013446173,0.3315770001008633,0.3565493482811365
0.23131390726054693,0.19770246775629563,0.222551407705213,0.25783106330200845,0.21606390762956695,0.22642459317529098,0.2637925674638269,0.2505359453186174,0.26010541264836684,0.21452565616253155,0.21226942916770322,0.21757548036687827,0.2095708217748477,0.21016917711771957,0.21561601991109872,0.35766364501228537,0.33867022488830156,0.36713590378134164,0.3407682359772345,0.33115592909699
0.25456790944172636,0.31663732298617503,0.24175363056697524,0.2679886289535773,0.2505450301847775,0.2579374264574255,0.2525648599451084,0.27290189215557625,0.2718387694692662,0.27912562957913495,0.2680603665508162,0.2444122260259419,0.19352690238735784,0.21692316300175069,0.2344944376426522,0.3634348158113307,0.3780435324897931,0.3727755254900351,0.3729687028855803,0.3561045579546325
0.27333372575561193,0.2675213326610665,0.2688612237223645,0.28750270283300466,0.2652294543016542,0.24872841590078565,0.27966219870850606,0.2872672271621586,0.29692063165650484,0.25050524181026346,0.23136299669008864,0.27041500914121036,0.2900742597663644,0.19301954789631515,0.2630714930898052,0.37892893706061753,0.39767263199969594,0.39485147561884415,0.4047739033967593,0.37739167610334196
0.2735755861388119,0.31657765096653806,0.25858976100296094,0.2920633617663086,0.2957452621667816,0.2929451856908972,0.31248440358754087,0.26863987557469243,0.2466008430674063,0.27211631472861936,0.2845430682807425,0.2533319252400097,0.2089623256728141,0.2643341212076246,0.2596376809697082,0.4200942305731676,0.40447850977761235,0.39824925308077375,0.4011593986559231,0.428861685619047
0.2832935534839693,0.31857931255114713,0.26729874379504603,0.28186327748826845,0.2704373977115264,0.2810695220313225,0.29582853809260645,0.29855526584393893,0.3171308566463485,0.28534521246999434,0.25300183865865156,0.22811752807531888,0.24351014625250872,0.2731473715171345,0.2733791793340072,0.43068582590938015,0.44356020439320315,0.44602578542469445,0.4268184509395029,0.41466152530100525
0.3208187406733317,0.31475839391296256,0.2950854137539001,0.2954556895090698,0.3021938641545437,0.312679361332427,0.29478590542672084,0.36067887408545907,0.31667593206652317,0.298794700756589,0.29410359827596855,0.2664403170000963,0.26200949156836983,0.2836188392495903,0.28269719843149027,0.43653483040966523,0.40960375909211705,0.4149030187513711,0.4510709532493276,0.48328956057718403
0.2930096134366298,0.29824308225714824,0.32900131250430764,0.303896511909205,0.31870320626329873,0.33938827229990115,0.3369855692022575,0.3005932706460938,0.29087149385504135,0.3083125929277315,0.26934111858769716,0.2952709455881339,0.29237433051720796,0.3091366172571248,0.2826252141825149,0.47355337521084445,0.43197242924678986,0.44460525716090304,0.46141358901069235,0.42094254429117084
0.2949550380154301,0.3067147048349821,0.2802495188005514,0.321101987879684,0.35573614205650755,0.3162058979124178,0.3359956304685101,0.31302472967051304,0.2932229141520556,0.33167958734512,0.2597210877195377,0.2572452592507159,0.2536043814906689,0.3004381511777079,0.2783778640731835,0.44221579856140836,0.47178562002137603,0.47188251590779634,0.45609532439360057,0.4639053969545707
0.3383429122810132,0.337477915771159,0.34102148131182575,0.31671807336495267,0.3345479880411103,0.37975617271315665,0.34803228741550696,0.35545362963232924,0.3104303982255417,0.325552170097252,0.28833133704896613,0.31049033125427555,0.32997856036383433,0.3009293937432399,0.31579246461625754,0.4655440230043285,0.490974519230768,0.46617553201831546,0.4765051146066703,0.4437970771984172
0.3348096711427238,0.3363257080179923,0.3160300275443394,0.3348463001768674,0.3374238924046016,0.3552958452668305,0.35075667057517806,0.3459215937289738,0.3443774987362432,0.32620497330321246,0.26319960916340635,0.2837924702127142,0.29852033334224065,0.3333034284186135,0.27160938983574634,0.4382650514271426,0.46930600218956997,0.4748152390453516,0.4815178139527043,0.46112719268308777
0.33904287794864585,0.34170631180728683,0.3305907645868101,0.3526081046434937,0.3023697934668869,0.3370839184980024,0.3396126556452305,0.3424116528683714,0.3255732310512814,0.32697759935237686,0.28656545832382646,0.29250562226064386,0.30817878285917516,0.2718306274285534,0.2960871424256704,0.4518843350273752,0.45812559748276577,0.4946296190945771,0.48658565722625285,0.451770541025102
0.3783989627840488,0.3263722527311721,0.36117684351638735,0.3416775795087814,0.30504206752823343,0.342147940051672,0.3506661016804058,0.3561186103344786,0.32449844485396684,0.3448803329632185,0.3020243232557569,0.24231083351629404,0.2968261629922515,0.2899995245846347,0.2881033452881664,0.4816523774656859,0.4630534671595374,0.47957948527077515,0.44886157580963093,0.490609776864913
0.3185288444144046,0.3438951194189974,0.3885473941084747,0.35560017186157644,0.3456867383002575,0.379342213924757,0.2983398748639059,0.3654605215955941,0.3515505081502233,0.3443346394393242,0.25575336784483965,0.2992319948259262,0.2801612230209527,0.3211381549110208,0.26940263483977134,0.4767149600442254,0.5084070680280426,0.47946385895164045,0.48693786423669183,0.44654158053519816
0.3633136972828052,0.38389073687488223,0.34714494898600584,0.34724458640717737,0.379213644585919,0.3318764820369541,0.34059271448161443,0.3167314992278414,0.3352864590157112,0.3447729359232247,0.26906288107739207,0.2756103752835302,0.2458126903410294,0.2888658607562255,0.3109614024201705,0.4888579552711333,0.4598215486945695,0.4800255742086361,0.49577125425295177,0.47988074379407364
0.38450449997710556,0.3519783336769409,0.37774860311896996,0.35964333113876135,0.3869069653752314,0.3551482293044345,0.36446950546038226,0.3378119917060539,0.33600007576748386,0.35315887847341615,0.2513299399178837,0.28859578558912924,0.2892114007474799,0.2756523648073507,0.23277811015369476,0.48069285471641116,0.4719495112657925,0.45656103963385086,0.48688837202085383,0.46951854227135664
0.37139438667621955,0.3506875632814242,0.3687267009885372,0.34426441434185956,0.36815285351741517,0.3809754038515455,0.3394458829876814,0.3317980616290574,0.3741316214942054,0.3365682808358552,0.2572273373582462,0.2834284985400607,0.29778771390385855,0.2960764807858662,0.26802631667739146,0.4728623869321596,0.4460529106863043,0.45730943985245176,0.4676159270856669,0.5077337966779645
0.3525030245996274,0.40519047831531746,0.3444252710757818,0.35409736468182373,0.3745923347995792,0.3872061225819377,0.3596682686750838,0.3745173026717067,0.34747670075488424,0.34230161984806257,0.2788180999232589,0.2737216536744862,0.265669650641661,0.2361394573383786,0.29817620751127066,0.4739693416281022,0.48227681243666587,0.4643238548642824,0.49250763026321465,0.46386229577861815
0.3405960246525242,0.36415360496722293,0.3751256938946971,0.362886985596831,0.3368838088302049,0.3685014332107881,0.3537236278880115,0.3854460698577994,0.344852859541897,0.36521570165813727,0.22820939693427605,0.2737195403801693,0.24143237967262823,0.3038206972575321,0.23647269057154927,0.5016393909484473,0.4628455922968344,0.42971845838595674,0.44678900838122027,0.4615444127046864
0.37078343995598945,0.3859606076075427,0.3401723205810274,0.33899047058267734,0.3849820321214466,0.358505806807102,0.36278331468869296,0.36508609545323417,0.354149549735188,0.3435288161867352,0.2690807898636154,0.25491715307797963,0.25820398522996135,0.24678374855916457,0.25010216167651433,0.4762608162512571,0.43129710530634346,0.43141280313771424,0.49973358630098025,0.44942175954202485
0.36391620509082184,0.35501695800619265,0.36243381952179476,0.3340645439834798,0.3466644184471584,0.3693182410414116,0.4106306970513831,0.33602847804699143,0.3783058405554998,0.3707940529493086,0.2731799189839356,0.27081514810061974,0.25495619902487193,0.23913104214074066,0.25595632627400133,0.4356543843240918,0.43894671681783454,0.40456583219839176,0.4486273311029304,0.43266739258806275
0.37251744366200085,0.3650424279654909,0.3451904067155799,0.3993402039098632,0.3526838649942773,0.351339489890349,0.37259551830934784,0.33276447635967354,0.3921297730980526,0.37581950238330564,0.24234933105874581,0.24073836514831554,0.2400249374323321,0.23172372707660527,0.24193688101011265,0.4251735410900299,0.4227370912195723,0.43685609874404996,0.4396726438472564,0.4352782682741539
0.38242931162100874,0.33865693084216725,0.3462801436387821,0.354420559420771,0.37096399472620567,0.38766548868373396,0.4046122850724241,0.35813571141197137,0.33566307542485546,0.35071800918580914,0.21119497287074263,0.27934533610689904,0.20775015198332952,0.2273898051281966,0.22716469406540593,0.440549185812972,0.4476654925073885,0.4660308972795177,0.4351854971108305,0.4189210402627374
0.34658730289778705,0.3354769206672231,0.33622322776149377,0.33968489893325815,0.35501070186470285,0.37586207016969087,0.3441663470851434,0.37366038659319395,0.34016506724987045,0.35530889175956604,0.23349038279493745,0.1994594432967322,0.24003371181268743,0.2522823968803377,0.2112032573153282,0.4460610173652087,0.4550422611294633,0.4669699934321547,0.4083116771461661,0.42193429277037553
0.3429318297488191,0.398030214662196,0.393745022972625,0.32936311275357893,0.35431087789603344,0.35804810187527386,0.3596210492404539,0.3393640240088411,0.32693759126777727,0.3325934906181442,0.23883203058326558,0.24016218218376162,0.19912357154851462,0.22350152517292654,0.1920626581717384,0.45512309015528984,0.41575838664111187,0.43847477202568913,0.4436114731389645,0.3923037797292085
0.38585494008077165,0.3556270430793194,0.36601879323591363,0.3621089478572519,0.3551945530754293,0.33151071717467756,0.3720290382204556,0.3462282398195371,0.3332023246524244,0.3199553806873521,0.24075483626840455,0.2257319440309989,0.195815788507016,0.2063260826254037,0.21646603380890406,0.42207389843115894,0.41923174887208764,0.4311125731424563,0.3997894579182721,0.428582041411561
0.3494270001105013,0.37301813150998153,0.3418133429506392,0.3534509455220652,0.33436897448165664,0.36679098798007087,0.36099396481442136,0.3856725396005972,0.3554907889351301,0.3182210819411789,0.24789114944250398,0.18641350359487574,0.1897209473761642,0.1713100437301941,0.21597520510054052,0.41347944734010234,0.4186938318314016,0.42510470605152306,0.3921183077347196,0.41869311117300695
0.38940128600846124,0.3389718788129765,0.37551039150384014,0.30382770465556885,0.3172187229097654,0.3612564417807264,0.35874845242607556,0.3682445451577148,0.3589877906291955,0.3536203705934085,0.21992205007081816,0.1784992705226476,0.1816774608523314,0.21401576112309081,0.1767080398572862,0.41995513995648914,0.3992522262263851,0.4032939344893565,0.38330592786560347,0.40116697038777566
0.3617537637257531,0.31900855441695786,0.34928386804010925,0.33032018041734906,0.3280152988414414,0.35317099667717183,0.3349991849386799,0.3463873990954731,0.33888439180919666,0.3336430940349396,0.21145439755880463,0.18147701070012073,0.19649313127475557,0.15308252389581742,0.1565210680018572,0.4155438416270655,0.4298230668842982,0.401470639641025,0.37881018564479496,0.3785376882606094
0.37648125223484613,0.3034302612767315,0.348520065055106,0.3561801100908627,0.31279995974559627,0.38785440777228736,0.37607919579391963,0.3468217122792222,0.3252588745790837,0.3568781864325452,0.1675140826729752,0.18997443278979484,0.14896976102416415,0.18955770311906664,0.17486301075791388,0.37245567131239254,0.4268403690769358,0.35070013914988496,0.38605415573567753,0.3623050231767833
0.3164175950918203,0.34640041053590814,0.32634252350587806,0.3244374918478602,0.3640760171698051,0.33832875567123444,0.34508254230107543,0.35325794862272386,0.34422289900625547,0.3552240195608966,0.18368024145894718,0.1788493454034457,0.15407272693592725,0.17304553518877383,0.16803881246225802,0.37491558407287107,0.385481489025532,0.38383954407517956,0.3473718963002153,0.36156247188468366
0.3142502986491674,0.34106675615997306,0.34262301729366595,0.34297815645766355,0.368418162251662,0.35845948581196063,0.3550657481357558,0.30804779172922686,0.30553941102048443,0.31720574735298074,0.17695127165865313,0.1822316552447747,0.16001840719731328,0.11787359725552021,0.14272559255503334,0.3724089524235753,0.37168678980985975,0.3555863445258471,0.364977862473792,0.37802710964691577
0.3480629523413856,0.33558607171132615,0.3537158782383884,0.3516826368697191,0.31046444284351155,0.3633066136646716,0.3686372799377902,0.35755489098043763,0.38670799876800266,0.351412649839377,0.15706569886198452,0.1644372718043694,0.1635375796293749,0.13816697521872937,0.14601981795389152,0.3631984618365318,0.3421627388250558,0.3870747491480799,0.3627076398127174,0.3541899494774743
0.3430994441193841,0.33526795015814254,0.33174679453338535,0.30405378865406063,0.3164175745683144,0.35341488595615755,0.3577655117705842,0.3363851295060759,0.32442555510680127,0.32302142394290834,0.13015415843706624,0.11924456290081933,0.1159726406047703,0.12585604144575352,0.12608569612778814,0.330859358300661,0.3246969610626023,0.3465425948432156,0.3033612637636764,0.3514006717489214
0.33424184491551473,0.37066668473792724,0.3301527393487182,0.33499349807878703,0.31882705507484144,0.33507593987345186,0.33383261699841454,0.34136648439347134,0.30094269933095663,0.33204433280343654,0.14970226793205074,0.13880201368298006,0.14943800653352074,0.14778715885219512,0.13144621482111957,0.30900317094255697,0.3558350135154762,0.34788158998288143,0.314167974751716,0.33778540529134427
0.3138961205360219,0.33837740356707996,0.31469043627452276,0.325394947227676,0.3474237912144048,0.339882171004708,0.3557645627890121,0.3358082290706583,0.3034063468664927,0.30651562224795914,0.11676115767129265,0.15805419416384814,0.1128831749009084,0.1302485382863916,0.13508704370329214,0.3455973739313278,0.33415414094234874,0.3136482769109214,0.297992495647816,0.2950208046230538
0.3402360323686266,0.3124379798955846,0.32725826357905635,0.31751141921143217,0.3332041335419346,0.3308092147010486,0.30912444803030265,0.3780294956721451,0.2812072988735634,0.32406613988837074,0.11344391037640049,0.1539332084815677,0.15765645908158046,0.13302477882968475,0.1523438651063045,0.3182258879813302,0.31279511638978885,0.31620334221487467,0.30773542319300234,0.3110227574657222
0.30111900407646836,0.3076218390572493,0.3065231777067738,0.30446429991722657,0.3112344186823172,0.3136138458128154,0.36098791651818163,0.29507903160587434,0.3207240285546325,0.34924036777733714,0.09506130225638117,0.1354007791795006,0.1233509963261594,0.09352639100269305,0.10393178354521507,0.3006601242819092,0.2789815186067744,0.3134098948764274,0.30932524619529983,0.2785891474195828
0.3140802663473582,0.3549332543272363,0.3042156045040626,0.3215973544095195,0.3131496474178997,0.3061634150694895,0.32198155070933737,0.3279039562294475,0.2960740011224009,0.3376509120682099,0.13522786564123948,0.11955611488312126,0.09123739434526365,0.15349430039798326,0.09439704317766845,0.32876852617303665,0.29459729454386085,0.2975353746320805,0.2865475718701332,0.2980984258756829
0.28750035532918516,0.35316878729676904,0.30065902398090166,0.3129018283462737,0.3156881492716968,0.34065182461536514,0.3634437394972808,0.3144000108083173,0.31769336798876857,0.2872043558215127,0.12302793553260129,0.09967014105250786,0.08066506952998358,0.08505480369207158,0.08570497519084372,0.29725755380769003,0.29907483742181074,0.2649415006437724,0.30654649338062145,0.24882838854170009
0.305698285307875,0.2907309906734871,0.315730330645185,0.2811446268260751,0.3247025755614337,0.306221037969936,0.3232978369476971,0.3394884927597918,0.31548543075255764,0.29695146829832464,0.08813945109763098,0.09887227745297152,0.09402636257511701,0.0861397916611541,0.06732126081623993,0.25134463473772506,0.28214664538260453,0.2464820088249601,0.25944372969413837,0.2952034009340496
0.28193228708190216,0.30854527573163393,0.29214575451742314,0.32099648361815747,0.23956934805360494,0.30021872348969814,0.31763607639077657,0.29487140872994183,0.27493154613688486,0.29402954312574797,0.09578773186774668,0.11428028495607288,0.08368385883585272,0.06590013577707254,0.07842412615673573,0.2644885428002795,0.2765125153117356,0.2518020134850557,0.24476456926529017,0.2611060700497795
0.2881974115042425,0.29319845756684065,0.29553751275507895,0.29794556345532935,0.29163651442289307,0.3193006539590485,0.2800756846728798,0.29596378293770387,0.2781587056462531,0.308091008710821,0.0810230235262362,0.0822350274908688,0.08539558537621586,0.014383986215616207,0.07851020673775035,0.29544427649709804,0.21087541991768605,0.23651747503063922,0.2640098867472768,0.25867759758819425
0.3242253336614973,0.284606779765416,0.30735237713288,0.31052503628897554,0.2811657503294968,0.3119762786676795,0.28289240039897284,0.3355824744664261,0.3148555548012145,0.297953813827211,0.07764475017535061,0.06866750120968175,0.08442655148058231,0.0671798456650537,0.031110400303938343,0.2241690989994423,0.20771306271220727,0.2479901485335273,0.2382600420645435,0.24612312321656749
0.29014462500499033,0.30385076898366703,0.2897141137425226,0.2859345358640758,0.2776630509773963,0.318246070349834,0.32333071240533706,0.2767944646121354,0.26300279210928873,0.2657050098233359,0.05591006132921296,0.04873416637030608,0.06179038290438423,0.04685596510113295,0.0557101899366714,0.21964962269525995,0.22159590600045573,0.19575100505492848,0.20618773168260845,0.18804134167613767
0.2895936749205016,0.29088191796189977,0.26359859508690175,0.26347289940641516,0.2871570511226865,0.29598380595382934,0.281705211459023,0.2961952600710942,0.29234868894221006,0.29610703050304726,0.05198096907838166,0.08820228491355189,0.03429074067269668,0.04905740535692897,0.03399375254636472,0.1883123451637763,0.22561894291059667,0.2374291357144412,0.22370044447963006,0.23497498582437465
0.29314685182141104,0.2596400280699034,0.30771918874559334,0.28757136157312274,0.291580904488413,0.2711772384155896,0.2786558425139028,0.3179591193407576,0.25822979520309497,0.2808177286224943,0.06946235433090696,0.06561862255125002,0.08660237205079095,0.05885230997489488,0.07001968910973293,0.22486053030868863,0.2300389262575356,0.1903973036867891,0.18013976458115266,0.21508929917537348
0.2953171267880178,0.2754251985149473,0.28654347747508396,0.29282635450218897,0.26256486449335215,0.30179704762895737,0.2975625406112778,0.27410402061915967,0.29021710512732357,0.30848535152190465,-0.007148767740923885,0.04643569730231579,0.003533175291651036,0.06771234464119963,0.06871375723407286,0.2635970235623227,0.19283436173703014,0.19106617392085065,0.17969374128124904,0.217934994688663
0.24202974092271984,0.27813452982579323,0.24893760784353502,0.28242148968867686,0.21325271311846042,0.29269969624296827,0.2889045331483638,0.29143274636119954,0.2482761159703453,0.270709912122448,0.049523258712661854,0.03896402954687182,0.04709272988802868,0.033548955779672,0.05330326405788828,0.19895347422333626,0.2057479405105216,0.20013083308686053,0.1937853494403612,0.2205079152946889
0.29454184734892674,0.2747165999475624,0.2620991698042705,0.26989333209328237,0.2516083615035382,0.28401767455616883,0.26407213049898354,0.2719445082982776,0.2506354611830358,0.24893891614082028,0.01636898589281513,0.040982079325567564,0.0071382083968037115,0.029213845598171303,0.004925471342901354,0.17152133027646244,0.2054239168097365,0.2024453002611854,0.15709283032493399,0.16508458325578618
0.2583872376913421,0.2865813346547063,0.23427326671401724,0.28064344608503833,0.29517983195248165,0.2471799803062489,0.23460130028430412,0.2781809098505294,0.2721753061686718,0.2514569114801986,0.029549128706636445,0.03708115495830068,0.03245198449992035,0.034789969000978346,0.009959930830204246,0.18637937045964525,0.1756687156906691,0.1505848962548615,0.1930077018268937,0.16207767483348556
0.25138357365741615,0.2173219590310624,0.3192526741237469,0.26483017434410294,0.22794648186553762,0.24042886250022413,0.2503213541672148,0.2955096970798924,0.2373569804288535,0.26716349652033083,0.03010107397704648,0.02914788965749836,0.042514282686232044,-0.005742551993899423,0.02603594705427199,0.17442593528950454,0.1690159865062275,0.13588289735878656,0.12327247076515827,0.13223423936691253
0.208577796498987,0.2587915127284236,0.27820863890448483,0.24533848857299084,0.24032524206061623,0.22392000579675936,0.2880471770601847,0.2341423832934175,0.2471082968147599,0.25314000925410035,0.006112514404848009,0.02261189816404163,0.01906540681899288,0.020223241513544966,-0.0038649252349815116,0.15298882535596386,0.16901413143382366,0.1662454431736455,0.18927675933232063,0.1656042639068837
0.2550051564979599,0.24258950535171098,0.27298395549666227,0.23583122816833338,0.2526495276249266,0.2121634217811586,0.28009062234425247,0.22246337047590237,0.25796224225554293,0.2535455449848988,0.017798485901807166,0.013150936444452255,0.014188551805138028,-0.0204114717111799,0.023950220443113106,0.1118993458117365,0.16303615356412454,0.14863983895688418,0.13169396524672772,0.1908063532578551
0.24948236211614927,0.23463126550337826,0.28155670348100076,0.2128019198476881,0.2055044244634924,0.2622968621809899,0.22058481169180777,0.24940019907968386,0.23851581398383787,0.27443626527266685,-0.0039353992226539534,0.01535083313125676,0.009907203594952492,-0.02080752507848696,0.05246319360348575,0.16435938120588217,0.16402444746817335,0.16510271964043682,0.17369897927268269,0.1391863605376141
0.24789636609804544,0.2322401537045966,0.24903117387779164,0.22587253070348898,0.19907081505984323,0.21712975444719335,0.2328799702297231,0.19127035103196371,0.20437328436868601,0.22605653995672606,0.021548902642562623,0.008002720465406744,-0.028553826569362582,-0.009523890940490106,-0.011241239200182874,0.13712667613855434,0.12427314383657931,0.0922380571218383,0.11090917818775788,0.16930524572263708
0.23726695360585623,0.22991648194105072,0.22367673753705128,0.2225203745084202,0.21221880578600189,0.2304685640175708,0.2512734654841639,0.215142553528149,0.22194347599053985,0.21693189141474722,0.021193355974211875,-0.004225443411755092,0.028689766050887654,-0.010290958413766468,0.012710906533357543,0.09853570426397774,0.12598317824013475,0.1381668114002653,0.1188771211619231,0.12177135352225228
0.2610938377850779,0.17144141333718882,0.2612093793063496,0.22379193452285762,0.21307786646361931,0.16482068259289406,0.25085402433635806,0.2044559302367672,0.21118714623566684,0.26478446533301836,-0.015555299847575435,0.003724828560856449,-0.006036054903901287,-0.011408018183149054,0.03775576086984421,0.1158513132737967,0.09177935460540995,0.11899194045021869,0.11408472959377725,0.12943823614394823
0.22422384083615227,0.2429090080648375,0.2294751736512498,0.25608898538088637,0.2530405274716781,0.22584248366513363,0.24059873469489612,0.2336993094376889,0.22257699981133536,0.2129580865195751,-0.005017958778267394,-0.010947814300163894,-0.04015738710803052,0.0015922065543991035,0.03158055450295796,0.08150901661661815,0.09904202133657593,0.10218151098329074,0.1498101382995201,0.1347533912608936
0.2339742767236911,0.20506445203294638,0.21946680046917702,0.22644758907531295,0.19584232461945936,0.2306234448946269,0.2541754468957707,0.23505307065883613,0.2025419142869388,0.24616258659440762,-0.025421265136936717,-0.035643427386275794,-0.026969571275461013,-0.04377396983820885,-0.03803025456164373,0.11248503303180184,0.11726339639397175,0.062453338114012553,0.07822738895707733,0.10548537699648435
0.22270649023288266,0.21052313443327844,0.22302812410375208,0.22972885794410058,0.18384071458425555,0.22388229806064516,0.19977798579263728,0.1768684035193525,0.21580281918389976,0.23476808761500975,-0.02272572948721161,-0.019927668208029353,-0.03410032800157191,-0.009914103621344377,-0.013490111352558141,0.04766736709198143,0.08054088176878259,0.0921822488521713,0.1103346752304077,0.10460487172514923
0.1976593114407543,0.24004300745479726,0.2081695837760869,0.23240154051959158,0.1731276792045942,0.2252733361576875,0.23424962684641135,0.20082968681328509,0.19484071892910831,0.2002673127352086,-0.020175885277737914,-0.027101151807646377,-0.03246670415550186,-0.031552983572851884,-0.048814460655093685,0.09754813180191818,0.040775626880668554,0.10365284251590187,0.09555945177407349,0.055042532811278966
0.2336684443774658,0.20062523498750928,0.19567932039757133,0.2266387946060019,0.18447029097066095,0.24046499216138764,0.2066662941330672,0.18965290224914183,0.2128561559401054,0.17171986531809558,-0.032352455154656165,-0.021415242570436997,-0.03260062822842061,-0.000868065778797205,-0.011710629609398088,0.06934544302994233,0.040378829201519265,0.12550311457526525,0.1279124928798528,0.09035342889060055
0.19622395926386205,0.1794172018849113,0.19131192336615196,0.22968585817325393,0.22291519377497193,0.20829711957788488,0.21333437057069005,0.20145965665667973,0.21701781851425622,0.20976250851059522,-0.02152655105812746,-0.01927725303332851,-0.011339052963165593,-0.022913490272195663,-0.048071462508753826,0.09540271860332063,0.10652570082001517,0.08326986591613758,0.10291688879590769,0.06387391072869876
0.16413070991369497,0.20940512542624756,0.2329491620796703,0.19312097930369507,0.2413141545435042,0.23011862387952936,0.2239893806767727,0.18078380436531563,0.21669431392427693,0.2010811106077672,-0.0217450744910458,-0.01464467314252271,-0.017373816926491786,-0.011466718487417971,-0.018450856616646368,0.06860684717378292,0.07005110468643157,0.05714644307713028,0.05294745521340961,0.07298184797462844
0.18078102773552981,0.21732775694840586,0.2065251317360084,0.20910109583842018,0.213600673342589,0.18724133991699357,0.18978046728535908,0.18321798215534943,0.18560395385623268,0.2013985988667104,-0.048635850883763085,-0.016402847637229784,-0.0028019478187100745,-0.02080585876687734,0.019248493207823892,0.06583793519770917,0.10593805278713872,0.04074967555148384,0.04577583094672245,0.08615305249879002
0.1964742857751939,0.17072523565820952,0.23192926889631035,0.19111170283804688,0.1641614381477988,0.20943936194795273,0.1777011821512249,0.2035221933228055,0.1747149345620843,0.19976365805885685,-0.015718935514206733,-0.021932951083341427,-0.022538167265136567,-0.014341104684780743,-0.00039712496160326446,0.09421773829347711,0.030063426838951274,0.053925495157426534,0.029190513295782296,0.0838159649327811
0.20661823156771492,0.20126338375803568,0.189917644543602,0.1661937596528579,0.18505721630780902,0.17561285784794048,0.18721178030772803,0.18860043047866742,0.1685954486515109,0.20953353063712316,-0.040159611174845865,0.0023095196963155463,-0.043743060125727,-0.0019238661647412864,-0.020144418818246253,0.06971891708485488,0.04077373387623131,0.004858607076168385,0.06825386019353574,0.06833728757549858
0.1762739126729379,0.16874691255807128,0.18230210733171917,0.19249869812890927,0.1671151945084401,0.1888827000386888,0.17487797220978152,0.15830203765962042,0.1747602673904225,0.24527125371789632,-0.027191650791036373,-0.04055615515628546,-0.0024568187063114914,-4.283659857514527e-05,-0.020594964862273715,0.060551912515965436,0.07197219956621968,0.0331078792755887,0.04220416115502518,0.010290020133088218
0.18766797022185772,0.19937192807567125,0.15669135763563918,0.16794424909883596,0.1975856403331893,0.18550851094831036,0.15832785456946594,0.15868837478248618,0.20142413549400673,0.19669945314965212,-0.01747041896242188,-0.04661469121833348,-0.005403058448857322,-0.05430954400163792,-0.038575103682156935,0.021667619257069372,0.014929668908036816,0.045486652953651154,0.057309039366126184,0.03034918475921935
0.17536805574281653,0.15861471029693164,0.16350945427226113,0.18626259053994748,0.19535782072850771,0.18730744045062006,0.15386290283994697,0.19183835432748303,0.18932605657401191,0.16125046515323388,-0.030834922678443087,-0.05963622055865285,-0.04824234995549985,-0.007942908167824149,-0.0003330141841773812,0.05394041027366736,0.03284425624848544,0.026077941835651118,0.04090766797578253,0.04037223748433685
0.17133193738338334,0.13455089767240705,0.16405260885109393,0.17404580699555827,0.1814490404413113,0.16157142957989312,0.18191290549240463,0.18255460154087785,0.21065937025332931,0.16165451186991425,-0.04500217350098474,-0.06679068649443345,-0.015323689150534798,-0.026933184080565387,-0.004683926158764996,0.008051498859494341,0.04279891999886169,0.03210186829877469,0.022485445866653644,-0.0004082211164207761
0.16196653587883608,0.16234656737744768,0.2010110712712431,0.18834924477087753,0.1296472141845616,0.19083609725960773,0.19273394497976126,0.17575194277835077,0.1491558195185185,0.1933816716703416,-0.05155837080041467,-0.03936453531865936,-0.012121525215633495,-0.006218139097415035,-0.0030373052513530466,0.04309423755750148,0.03073334668846498,0.022560312036932664,0.018623326588236455,0.014896315949097374
0.16994480581969756,0.14108344195609573,0.1781608171961456,0.170746415142828,0.14543022666004232,0.20190042601548908,0.18494757901369865,0.16808396671418252,0.1730163527108899,0.1860872168389946,-0.022747948041139516,-0.02924175723546715,-0.003746949761284757,-0.04039775699025928,-0.03461736185699737,-0.009495631176446698,0.05806917690159748,0.022379585701429842,0.017554627738626444,0.022384650938023977
0.19380861462880128,0.15466212529310497,0.16947701610061516,0.15026719918611617,0.15921311110566866,0.13575483432061733,0.18188729655183086,0.12119698624733134,0.17182208849450398,0.1705179541095037,-0.03601974748946987,-0.04486781440486218,-0.05747758262924402,-0.055243802453980646,-0.019910672463696044,0.0003433710933061669,0.027190126720198188,0.02022124083129051,0.048731257610906395,0.05276923302879062
0.14718447607131874,0.1584625518965571,0.14665111978515788,0.13807197370691213,0.12817161178707825,0.1263388849789208,0.14374997116890767,0.15756295478756538,0.12792832840160126,0.14628438460669999,-0.024381741535924137,-0.018621613715229378,-0.06018943510269423,-0.011314989247583885,-0.023853249397227643,-0.010546765669680536,-0.01004884104404536,0.023834348803891157,0.0076980979279867075,0.03945170709631746
0.15816354302361577,0.17329737346415278,0.17403098956433594,0.18233595046634365,0.12752923581220899,0.16599664820782598,0.18834977578994447,0.13571052002322764,0.1477631313847381,0.18646255085424376,-0.012669987139171193,-0.00727232198405129,-0.0555742344517871,-0.0033460878148506186,-0.04915109648074234,0.04380370489554433,0.033895534263149216,0.008595523711230567,-0.020379591697180042,0.02495658689253833
0.1622266934192713,0.14693569084662197,0.15681961420027282,0.15978153460024552,0.13603357407131828,0.16526573734739247,0.17788798043570034,0.14873992944515577,0.15995852717834738,0.14253568683051573,-0.0647198950227648,-0.010579767108999136,-0.03977992820217666,-0.004530337176884402,-0.02214007356626992,0.020596194503829306,-0.022387656949826265,0.033805686742104955,0.014577526284406572,0.019385299522312476
0.14644133203904658,0.13574313113376185,0.14254238006769304,0.15707982508411208,0.13675547584067807,0.16992989453510907,0.1694660555073751,0.16329654743537994,0.17535821651890066,0.13479898612099256,-0.055527706104393976,-0.04794287404064099,-0.023190283154499426,-0.030841979636801315,-0.006572648246362681,0.014613856266766305,-0.011544960470489257,-0.03323444569485589,0.03257558258755297,0.05375572348068995
0.14280541088552676,0.14812170025423554,0.12051370692775537,0.13221794976391113,0.13188798148667735,0.19369129067489188,0.10359368794277586,0.16407370098224594,0.15517170136136194,0.1678818203610851,-0.048379818581303316,-0.04360360802638911,-0.03761557075327868,-0.023309880080591226,-0.03788451797829727,-0.0025662353529977457,0.008783084540783897,-0.0005489890959394523,0.0013283818153451317,-0.007315088090374582
0.1596844614122834,0.14522547939510214,0.13271740881214814,0.1497009563435466,0.14135730608218125,0.16502510929527084,0.12673751375841585,0.15854334314482763,0.11444934376513757,0.17228810355975815,-0.04345110616638002,-0.03271474007744658,-0.022221392528360577,-0.026332865846869346,-0.022927177529431155,-0.021014368132943165,0.015541104844161274,-0.033563601964759486,-0.022075088539917083,-0.003127697558173907
0.14307424619334713,0.13135538794837856,0.15882783989994795,0.14879160735846295,0.1449807356058285,0.11531670554290245,0.14069805227001672,0.12294886194963486,0.12979373838482117,0.14421508354106743,-0.03841436134474341,-0.022300816920526927,-0.035033933319936914,-0.0369899865319139,0.014978428466317997,0.03803641448616856,0.008607356736040949,-0.024449469843232617,-0.016541393870051102,-0.023046661932474913
0.14312842022856376,0.11444437770225943,0.11907887421004032,0.1202145112308625,0.14422648283042314,0.15698167555403825,0.11369379030655134,0.12604215372632402,0.1425829993173357,0.1541531228338681,0.010222064261445615,-0.03436629952716087,-0.04559837326029601,0.0016029021177842752,-0.03834247224189642,-0.0019436738675093705,-0.01069607361194005,-0.003950985091897623,-0.03476626244248583,0.012776447222493815
0.1643306793775657,0.1252958363934886,0.11187791416777648,0.11472935768706281,0.07929709180628995,0.12542241174029006,0.10594856447849758,0.132059562710947,0.1654648285016616,0.13384928104807034,-0.003978453942608918,-0.05073549527991203,-0.03050941068808047,-0.030415656989143905,-0.021693022167344356,0.0072533470282771465,-0.055559730018977904,-0.010011423093762396,-0.007228824515277074,-0.009141576774872113
0.10407569398473468,0.1411905794186107,0.10304399951277365,0.15569576123393447,0.12340959678616861,0.11348143723988452,0.12644943001887693,0.11496758953593371,0.11420886074267861,0.12894494448225644,-0.0490887862423843,-0.03288244960937034,-0.03891212525081676,-0.029776125986921455,-0.011606762772582626,-0.0286799618977452,-0.00036607810139530853,0.0032653669296533044,0.029245620196460997,0.044593241942896794
0.13079360140954688,0.08950691188558683,0.135639136988485,0.08689142049732883,0.12670286889145835,0.10898314615874316,0.11656622951273007,0.12389954453499846,0.10416129381146205,0.1299758000334399,-0.046824177418322024,-0.03730060413287789,-0.048484372852461516,-0.052263904384963915,-0.015601260990969916,-0.018736162786855276,-0.004671984921152115,0.0026688198476221437,-0.028371773307962766,-0.0032792376649237514
0.14921318746137402,0.12837338291691702,0.13880248458136082,0.11784180431373664,0.10871614523299458,0.0790160661629288,0.12684561075404138,0.14168723521283944,0.10796024964678708,0.07392748768462168,-0.0231654768590154,0.02082954924592719,-0.009133956088804268,-0.026439079935086457,-0.0034879670233796713,-0.040153066868475216,0.005466809166369539,0.027354978049794653,0.021250751822770364,-0.006823744801222527
0.16524024810010413,0.11650746378928314,0.08418869520297519,0.12458213374843402,0.1249717052295068,0.12972556526828408,0.08646062028512788,0.10833149662395393,0.12616974903879324,0.13419309628794127,-0.038369322557672086,-0.06598231990640002,-0.022702775194465712,-0.03141675854114326,-0.037600401133672856,-0.0021591357790655304,-0.0037072230097832974,-0.000914284666650291,-0.025242896871986283,0.009297525255098894
0.07439330703558772,0.14646146981589372,0.14136707090122877,0.10930239758721084,0.11839922258795751,0.11985456117527334,0.07730601842072202,0.10008624829392426,0.08986775563904134,0.13182572272443432,-0.03496394898743966,-0.04831529213193367,-0.033994246799883485,-0.016661720891010076,-0.07512027963594431,0.018141798440343852,-0.00726827150048391,-0.024362027799881322,-0.03507251097071703,-0.012513082217669523
0.12109203636306493,0.06776559317275868,0.14523272639250645,0.1282144752104604,0.13712937611103118,0.09335888177315016,0.12604816819346576,0.10878448143094374,0.08373626639703355,0.1471882751164237,0.0019814373331407953,-0.05840330022361544,-0.027763790684176844,-0.03347643588920719,0.015390373236749428,0.007520342940363148,0.002572466347042616,0.02361438980453736,-0.010969564721423459,-0.027749395596442596
0.11833720161571513,0.12185786457051362,0.12912032289567588,0.0801241538718047,0.12912643076307484,0.0967665538433315,0.09416862705200993,0.1281995064587647,0.12374384984205766,0.09488432911649142,-0.0282256968745015,-0.03724634334747112,-0.03382471335273451,-0.02188809048329686,-0.01420102063121694,0.02255768608952037,-0.005476519426109005,0.008121270133616737,0.008318522531141289,0.0022177324849524567
0.1064774977060978,0.10784778523793982,0.1148811536257817,0.1115476699154582,0.11681135041562629,0.06825686315959745,0.11392226070130254,0.12988913079479047,0.06400548745468854,0.1411767614015793,-0.00932508706101353,-0.0035629302333810182,-0.035168552465097744,0.012414075807544694,-0.019792953083911068,0.0033864075394782495,-0.005521691592006668,0.030298506751669278,0.0037534037425864947,-0.0038319308553137962
0.08454065339074891,0.10139718032006846,0.10805966742978199,0.08056460518980398,0.09518366952376187,0.10362260964828957,0.1046190176532564,0.09704604803355521,0.15462033626111232,0.10839368884677557,0.0020247143094764726,-0.008276162074388293,-0.012689772976903888,-0.012921675698235737,-0.017236336768454086,-0.02664754817601158,-0.04938014819657355,-0.0619596468199734,-0.02217289971546805,-0.02766073418705347
0.10215617104879328,0.10427590174551826,0.10106989500298615,0.0887202250402912,0.09702218716643611,0.08233794968302396,0.08868071267757953,0.1324352456141816,0.11354049533104713,0.12869097796996976,-0.010081039345337738,-0.031589034951859496,-0.007007966006853546,-0.029210269731797342,0.0012017455864225743,-0.03820985033886744,0.02083703800859571,-0.013003916664163026,-0.031114125437417456,-0.018708532341194906
0.12286812722976306,0.10184279456654163,0.10576089591359615,0.08733650000717635,0.0958865683090931,0.08274141453586467,0.11343326556745953,0.08613415961976743,0.07566696782298847,0.12157976521803114,0.0035027561704482416,-0.026426494634703757,-0.0311253049334465,-0.03448528441703055,-0.013602837140360407,0.01343007470441119,-0.0054302015102447865,-0.029352603286796116,0.01804808172903342,-0.031586198415013374
0.12212440280943439,0.1101257154334645,0.09223545859976881,0.13623271549081512,0.1377954300835055,0.1251878382870073,0.055867096328966415,0.11843026155995617,0.0675518203061331,0.13339756995530738,-0.017634833670747536,0.0007898710328158552,-0.020760430524166668,-0.05466432949997026,-0.0260434469600115,-0.03211312826367109,-0.007824470037151867,-0.010426917053791191,0.0002962032864933465,-0.011550654823488415
0.10887714023931687,0.11746510075924163,0.10215306477606659,0.1239346823397148,0.10037337729444062,0.10066798973803814,0.07647718439752661,0.08299939202121927,0.11261523655365431,0.11016535328734436,0.0028419210806725458,0.015440483734658225,-0.02474538474695741,-0.015786677346396678,-0.00478166213389318,-0.03421849588456995,-0.0022395503976809297,-0.0398168193698797,-0.015983456744052896,-0.006574953091792362
0.08655386327604221,0.07063571965676235,0.09898568885690132,0.10054873313212319,0.0616568515261633,0.07282963206948806,0.07616107904845523,0.0877649183149609,0.08463406167469106,0.07296347743280723,-0.03501287466949394,-0.04010099560952185,-0.06625775273286476,-0.025159926304261292,-0.031958959478047146,-0.026364350195259657,-0.027083300010704622,-0.00932718492894432,-0.04697324683766499,-0.04119183149736817
0.10011354281304166,0.09798268568378368,0.12472990144085346,0.08730567792484742,0.07664333422799066,0.08646762426135922,0.09777016096125428,0.05807449785259619,0.0844716503982028,0.09971551390352759,0.00014454851461897372,-0.0073283131482669624,-0.011523936518847387,-0.041402719225311455,-0.038637677435590705,-0.03814287696068365,-0.04133311101961071,-0.039323314322260564,-0.01139856112779612,-0.017061498779387084
0.0834724572285368,0.0954060583452533,0.10771221793239052,0.06796261607308687,0.06442740975566516,0.07170777453440398,0.08109087121693943,0.08107397791073934,0.052494054164553404,0.10585340520925698,-0.001825053290621331,-0.036759466910311525,-0.03424881440983436,-0.027176869988631246,-0.028732218155314945,-0.004745456890211766,-0.024060764932808246,-0.0413462586692723,-0.037486534871449456,-0.028079014184234183
0.09841790585510983,0.091547084073174,0.07738504705140511,0.08352355831039635,0.10195142266834074,0.07379318439570107,0.10753802367743064,0.10908567761584725,0.09730125446912824,0.10555925062879819,0.001747213517454698,-0.056143508551955906,-0.02836761913922949,-0.0005013622441555499,0.03220709349047157,-0.0596452057622673,-0.0007305925097801959,-0.01718265242110253,-0.03670618932953234,-0.021437818095272444
0.14828709394503742,0.06565099003835395,0.08605579670492008,0.0813399860077842,0.10647685655715175,0.06699527977625534,0.09902554714083765,0.08857138380606025,0.08832166487152532,0.08193744720748566,0.023468350944905323,-0.01863213878289654,-0.035478591038274644,0.008457607241631165,-0.021593033301014936,-0.028059751372390862,-0.0355897806035769,-0.012381799211179118,-0.029527250466996176,0.0020444603349278716
0.10034930606156733,0.10661616695303779,0.07542475130776684,0.08090964691595005,0.07911528685173043,0.06868524319973489,0.08568352161475776,0.09946081989740513,0.06204740519268789,0.09096116555752634,-0.054992871185053346,-0.013545793828589317,-0.015067095886214828,0.004270174414763827,-0.01993465898258122,-0.01828412302943966,-0.02372218528232551,-0.0565908812381494,-0.011959895099919002,-0.00497684104784
0.0736762730712403,0.06742474534943445,0.08695708715161318,0.06800098802594098,0.1034972965654412,0.07093639352766666,0.08410543597513126,0.09324123567248367,0.06544034093392515,0.09462707184627878,0.019247542193131933,-0.011104430796622596,-0.01446650879775102,-0.02582436728689342,0.03976118671894073,-0.009684815392472998,-0.035828896435803614,-0.013700675347142125,-0.022806896287255376,0.011660286603297113
0.06883931989125616,0.06781547245329392,0.061163031082807136,0.12128853355984792,0.08236105914112969,0.10664998392222168,0.09057539479581421,0.0750754427731743,0.08860038532861134,0.08286167591748055,-0.03397268039700582,-0.004487950516527438,-0.01015634217494908,-0.011850725980690218,-0.024303016731946788,0.011623088568479968,-0.00565246119662614,-0.0032864801457438454,7.392542992623943e-05,-0.0036581037372497623
0.036195477837891656,0.07791028712881298,0.061621321257228245,0.06332987608774088,0.028373776518950428,0.04600441015272806,0.09529676152735748,0.04783405776604814,0.09880545178137916,0.11372506925409816,-0.014428564116412395,-0.023700671330260346,-0.0001925058508654258,-0.006730221362931968,0.012480896012082379,-0.01581907646632734,-0.01616067619558196,-0.028242456510235856,-0.025163352339726185,-0.01860211844160198
0.06974889751823778,0.09520686999747319,0.0575543803208391,0.08296499772130576,0.06585397473712142,0.10979023366444537,0.06867462984534672,0.08985752009102116,0.08787430856143122,0.07978777421546704,-0.00677175548272611,-0.005374317749471554,-0.023779317920181012,-0.056082083085268214,0.02177000585433856,-0.009307405883213573,-0.023796449309035066,0.005470841643517056,-0.009608625693902795,-0.028214876165868333
0.021318357868232225,0.07027463994902741,0.06564209823566172,0.07271981947335665,0.09768353015050796,0.07841647844921895,0.09417471194320712,0.06402256834959229,0.08537920825709489,0.08871025421063454,-0.016108617868197783,0.011749152173161538,-0.01752046792522551,0.01023192630927745,0.010105323461468842,-0.015057995089750562,-0.04086138810954497,-0.010671795032387976,-0.014409960650045307,-0.030529676967503767
0.05063768163691344,0.03308612056270912,0.09404223300771675,0.07157839028742767,0.031246766366405915,0.0465223656509648,0.06374350122306964,0.039790444475122616,0.09847416060741582,0.08429871935620781,0.023534608430924878,-0.010450164566662477,-0.021880445214352985,0.02565041985560263,0.012113927578192553,-0.03437402298509977,0.004438336698690773,-0.007962265033420336,-0.0035366435367583018,-0.026231310221395358
0.08312155213270864,0.08435086748073145,0.048643432409689144,0.038924375545298665,0.09262810197923498,0.07167730630690912,0.0833599314371746,0.0469567409804514,0.06457357161462246,0.08058962632233613,-0.0019037516989008612,0.008017347202262258,0.011771232176155465,0.01333652132363915,-0.018124240479116233,-0.03650611220596027,-0.023134960516587495,-0.025692620709970162,-0.025550609900812274,-0.03939470621059869
0.07308008368756153,0.044147258109766746,0.033525556512956675,0.08114092134595817,0.07619852037756604,0.06193928493653244,0.06162641353614195,0.10534911713525832,0.058399371113473764,0.09033737750021227,0.0022452313385017417,0.008900649239622024,0.0017570017724148719,0.010632551429680379,0.020431963071580565,-0.052898608362656696,-0.03478486107274347,0.010080695275980777,-0.017202567177087503,-0.026028798023385945
0.07048184057188622,0.06274274989924994,0.029629905971941456,0.06674724706910165,0.07396812042201345,0.059268465501301416,0.04533367130759054,0.07711546294434751,0.03795216198776893,0.06909793994220328,0.016877914291889947,-0.015789732610584868,0.01716206776291802,-0.04269165797592648,0.03148870088120469,-0.013833960992366983,-0.012780189237769522,-0.031591968279196296,-0.016673623493454012,-0.010426121826248459
0.05182543300388004,0.08545350916920243,0.07782843217828134,0.06009681438188247,0.0886666005579583,0.06347067729031339,0.05469752420720562,0.06405637381212588,0.0969474488375407,0.12427509589699759,-0.012082976883319711,-0.006750891321981038,0.01842915447084069,0.00577825445497625,-0.0065228868109683535,-0.046734032230494923,0.0038936221281591805,-0.034571937235642544,-0.015483637058056963,-0.005082676223989335
0.05721309947125549,0.0380338633301186,0.10702434236142694,0.062241331285844664,0.08953520495521554,0.07367105170610527,0.05979145048370141,0.04223610408838682,0.06921971135882474,0.0826394922895188,-0.00668474927279226,0.004312657632820591,-0.044182307508445345,-0.009419796050574877,0.005016892128281087,-0.014745371780162973,-0.01589843385194984,-0.05217288761545259,-0.03374055251345512,-0.037986192237214805
0.09582525048289306,0.0715789087021493,0.044213373147201744,0.056892873403185065,0.022778615606220617,0.0678094582905418,0.052788998967687475,0.03230071011005902,0.04579072322325201,0.037350564868817826,-0.0483276934328673,0.015279269707209046,-0.02426798541174552,-0.0006004002759687388,0.003433797272110616,-0.03002217024530272,-0.007637934505282577,-0.004270272060825295,-0.037955621346001264,-0.009282188446157367
0.06030540434545381,0.06180500157502931,0.07074588347289962,0.06384603175795334,0.07127965647253703,0.051028172010108515,0.0399198562544304,0.0730188888938005,0.07560631052806215,0.07974001027160721,0.023279038220980996,-0.010008207234697834,-0.014859154126766288,-0.033292927893155674,0.0015568737547129153,-0.0032456038116916892,-0.0024212377743221443,-0.041428219587965914,-0.0034580392247431126,-0.02170555534464552
0.05269177760181665,0.02767356550584087,0.054569189162932276,0.06436890914250341,0.07860112191371846,0.06344168025800381,0.012567873978427721,0.06738678992602996,0.08093811182973179,0.09298036117766181,-0.01285913979441117,-0.02596059827005959,0.001911783462253673,1.1375681826248773e-05,0.011071156662905438,-0.024699612623980755,0.013830204969232786,-0.02839235841882379,-0.04031307642253331,-0.015859283074624617
0.037240641245123496,0.052913849999895,0.09021140115426793,0.07454535933197215,0.04465508181599296,0.08886144938356909,0.02724487749316341,0.055855885321487546,0.03812658075122313,0.0440001612811137,0.025003707540275224,-0.022151661721787803,-0.019012723078629792,0.015514622719231238,0.017887180954717256,-0.030230295880005843,-0.03514515066363372,-0.03504753099660644,-0.05971050050661376,-0.03444816956530743
0.050151617201481,0.06426439650207613,0.046145342769981515,0.06019472710164375,0.053516289516959505,0.06872169048428506,0.09884080703558366,0.08400460473002797,0.06690811496704015,0.012910895319641687,-0.007323239397121331,-0.014213343987989619,-0.030487920712027643,-0.018335047665910025,0.02800463522630086,-0.0031346960312763003,-0.03622315510585014,-0.016791605712598034,0.013719918475431704,0.004440193218381867
0.07127522661950478,0.02396582141822773,0.053968665533806685,0.020768937122195748,0.02738807351688648,0.061808876722445436,0.08214044535639192,0.044999082089500486,0.05326975132864849,0.06964160617930645,0.006149624190813346,-0.0197620402150543,-0.013918373585504932,-0.0010790325106387964,0.00733886689518954,-0.02811310388658561,-0.04451181180177918,-0.04179301040655205,-0.011685521560953758,0.002886721064489464
0.053798325898802866,0.060004567493414165,0.057190101003260496,0.05535956448104686,0.05342072670713776,0.055427901966214686,0.013073454718394932,0.08249605183336499,0.048708568892994644,0.030448959042778716,0.009477393468205282,-0.0315368637780165,-0.019749107141982074,0.011494034667235965,0.0025614657196108845,0.007100107734361528,-0.018184560454773558,-0.0322994818592625,-0.019852091385900467,-0.051986647406677425
0.06239398707533955,0.05583319419062972,0.09712473338359413,-0.01449518413922584,0.030513374690270254,0.06666731485046998,0.07528323076054391,-0.010298321916324515,0.03112749256426191,0.06371334192011016,-0.005375900413932561,0.0018496807687643896,-0.00594753949991262,0.04592611337842796,0.01928060557282632,-0.05969344817581594,0.007017101615916118,-0.01772516445388738,-0.014856088430297424,-0.018101883568919605
0.03762606434185795,0.03633790391773374,0.01712136245365499,0.07608137252818849,0.025193527271514877,0.035642070148716704,0.048786876705183696,0.04499249508050164,0.07472584402678283,0.04966188209147279,-0.02286816422388251,0.02421444423896525,0.003930630699719788,-0.02522665902353862,0.009657261299060449,-0.028785132974112344,-0.019508532975340432,-0.002846759302201995,-0.006204600563875949,-0.02868818185177254
0.03399369190289451,0.05908431317411379,0.0550890012663992,0.02584376432689335,0.06434710893241817,0.050348573781718746,0.05391846608822087,0.06477462210100807,0.019657795393403257,0.005858183463169381,0.025639348781855902,-0.015996765516394083,0.0017386896596955793,-0.0380152059835191,-0.003080740384950615,-0.007948272088840663,-0.013961877488916549,-0.008414315248826264,-0.0647810849913365,0.019905166684413552
0.0446467780682435,0.053398930578046885,0.016848893875776833,0.0518385128194537,0.041581454643358974,0.04351578028695498,0.03883447904541643,0.029226752676526913,0.03399255917014467,0.04328390531745881,-0.012232608769077509,-0.02092751832980433,-0.014678600942538785,-0.003319399973134462,0.035503713743326115,0.0032144852055783577,-0.009501948586227741,-0.013628190820831557,0.033355063786105296,0.007102071678090486
0.029286719026076824,0.008025868974224533,0.052893565203927455,0.07632058374835772,0.05424895267257315,0.0468094783440921,0.02279657629150653,0.03773236140194886,0.03940331074532935,0.043110873813671714,-0.017343751123221566,0.027842428261081204,0.016492956328729918,0.011847382754993634,0.0182176802532278,0.02305470204299189,-0.01199223185944074,0.002153687658753553,-0.027143469036757836,-0.025194567502198388
0.0074168576475222014,0.05227057003026078,0.03949809391754466,0.07290720273137039,0.041333224938139075,0.04002430105528618,0.022842803935369013,0.045393989451646834,0.06765563309874313,0.05108549302744526,-0.010824829220865553,-0.005926125714299907,-0.035400337346721024,-0.0168337955580229,0.01605663752032492,-0.030365584959565595,-0.008000597974110126,-0.026907404899329752,-0.005567590876659926,-0.04681616366049621
0.04379936788495892,0.02209085485528999,0.0603581887392417,0.0490483417215165,0.020477320328182367,0.05148462749551957,0.05404039878259628,0.04171408005260792,0.055860475740117405,0.02186507813929856,-0.0015961390296392415,0.009838500758817157,-0.04578270091786257,-0.019065969830263513,-0.021469377252053858,-0.03662490790111833,-0.014809867754503249,0.0020962669974308092,0.007563166098085291,-0.032572756264529136
0.028459520689763276,0.06681529823358803,0.05314797434427122,0.040966384793085495,0.09002566416083652,0.0011924748955686598,0.04084432534795082,0.03679398993974174,0.037605252423548265,0.010524789568863671,0.007878472606811158,0.0006091174569605796,0.012442650791985744,0.027472701864428274,0.014506475854986394,0.026136821466356597,-0.011681248356124892,-0.005410606880403096,0.001725580061603716,-0.0018674530971934614
0.020746461403215916,0.015705511879590885,0.05857548592307632,0.06267465290695115,0.07048123708696974,0.0029614163042046143,0.019195759490182915,0.01258223320901743,0.025536809943747848,0.05918957135550992,-0.032784609743970315,-0.019250621499603732,0.017352042191419143,-0.004904948412477772,0.012161939899263863,-0.0037585019993704796,-0.010767478736594595,0.004975557550109318,-0.01491560225868067,-0.031144297181107325
0.016243713151015454,0.02666473837961899,0.048378720500124296,0.03380515260112428,0.03383714579339394,0.033770648851342164,0.06137953061176997,0.04757444018728414,0.036863617918510755,0.06105123991132526,0.02612036967555196,0.004143655629142319,0.002259741471504533,-0.017762995293203798,0.005973181801935045,-0.04558126199479193,0.011592545041138226,-0.0001677586964995842,-0.03756997208786558,-0.03007856021352663
0.02973318096850655,0.040679156728179205,0.03240630552374814,-0.0008433359855161485,0.012289549617431887,0.04859388864233824,0.03957829646848191,0.029491254367794813,0.06286104833290836,0.0510150304537505,0.0018510330625039397,0.001862787528446021,0.046558700595123466,-0.011606149939887931,0.0414497696897355,-0.01952151665733278,0.02623554850923015,0.012623039040992377,0.022765996519563722,0.016957209317221014
0.034890150938317294,0.019739557063673255,0.04934119461741342,0.04064077244634847,0.004427790711890062,0.01708481495640521,0.028969587841536002,0.04620291952627413,0.019859159453929267,0.026026576796237943,-0.006695200173718777,0.00493480441837567,-0.016244651594248868,-0.00858316237485211,0.017486572453752618,0.052861136380198515,-0.003854176276230601,0.0017950298263596162,0.017461795840293948,-0.02217314069703212
0.05448148763608848,0.006784882937859303,0.016401783590506997,0.04236841026030858,0.032285333220155255,0.050470195035736444,0.01767555805469391,0.00950619899144083,0.06958459531685493,0.01964692828001054,-0.0011276236542646645,0.014761090169876713,0.03128087105616729,-0.0010686194534737258,-0.0023341384921726272,0.008467583901954082,-0.0023657096232329016,0.009813944697056818,-0.012727743006935254,-0.03622880206217336
0.04103955115214214,0.019946485566302456,0.02862690857528105,0.023894670327905647,0.05737028228076983,0.06159344217003915,0.03350683952915035,0.011972081299406693,0.021164640437239632,0.03798759386194706,0.04148941345642559,0.006917354589201289,0.026955722719671258,0.039484560612673344,-0.01164438846946095,-0.0062045684316742716,0.013957641252525244,0.011741688253700014,0.005783712959113816,0.0460979675456519
0.02381301478720357,0.030946469976220733,0.04172574990483926,0.018709984472529147,0.025129010360455645,0.03311169284968499,0.013879464084053075,0.016821310685605058,0.07773318196352541,0.031042107108585588,-0.02726487099431495,-0.00809474479513797,0.013194854847372917,-0.002598082778438092,0.024948284421040773,-0.01686344930846218,-0.007599087883719779,-0.011607274129637303,-0.03913108810141092,-0.03147063252730267
0.042335432329566554,0.0342292073721115,0.008603870917665138,0.04757640524434384,0.019140722752834023,0.014111480384464681,0.02150233562164086,0.009742615242195933,0.03050122977382512,0.04407834353101349,0.0055554510551681716,0.028784313076188756,-0.011401295652013678,0.013753416866336788,0.02824047420323989,-0.0038559455904690672,-0.017883340242720806,-0.03970336666294819,-0.004712735952158702,-0.02089132299106513
0.047069201920401246,0.04722148017185668,0.016791282819024575,0.0019278299558475702,0.03900947592524079,0.029062721987898107,0.02694972619831321,0.02800627651145321,0.05410020175301483,0.03631776482211016,-0.0020558500604329986,-0.006845608144395698,0.0001383389043939148,0.013719523136898167,-0.0003087018732946269,-0.0266068660422493,0.01414140761716548,0.0066424068123792125,-0.013005791637563751,0.0010128290528029077
0.038617662422390245,0.04320090616656921,0.03799801845954041,0.040500824756837,0.0366367883122544,0.02643708071751615,0.028438188329439774,0.0422298734401623,0.06011668232889425,0.018323312247195453,0.009189906644060634,-0.0030561380160880943,-0.03745672980105127,0.007831897722284483,0.00207549982378668,-0.023417143734366902,-0.032858393762667144,-0.016586103702755692,0.004387514708162994,-0.003059415252070494
0.006055942166003719,0.021125751821855616,-0.012967522951029223,0.02678899797743247,0.06768925799499123,0.0093328023949413,0.0058071228432270555,0.003328290311563245,0.039669160302278184,0.03875392594108096,-0.013006285404912128,-0.01955361985757295,-0.01501548131659347,-0.016709190434509816,0.00872269409752665,-0.0024366712816458937,-0.0171262070375582,0.011083506032671863,0.0015404310423543857,-0.028055917183828348
0.016216046408315567,-0.017355515061904483,0.034608682428891084,0.026888308625340224,0.04713531544590262,0.03888948841372726,0.02948207414209954,0.003479105506881724,0.029170876371100475,0.019306225128628868,0.012477111630765056,0.0009596513160829963,0.008759074904626872,0.05767311532917635,-0.0016135120544371836,0.012684917030743984,-0.020896455353627517,-0.0051620229993650235,0.037311671053257986,-0.008954337088745363
0.07528217491672759,0.016478429603691724,0.016146791769516992,0.026804434004123762,0.041696139709173054,0.05365892948266531,0.011114830867082223,0.06484559847545329,0.025829706699577987,0.0149174083725048,-0.004407202046659538,-0.030988248033912383,0.014522301350160239,0.021308786036565774,0.022775470204739082,-0.021179923928381337,0.018387080828727462,0.020317629491066823,0.021244991813465963,0.018542618801721106
0.06453942759057152,0.015150763088721543,0.04546844619398026,0.015714958034974084,0.0261920856385291,0.03369925569994523,0.02182757801110303,0.018905765821918923,0.008424403872744114,0.041448821088963236,0.006478460997504579,0.005052139142243853,-0.005909850288029139,-0.003164644193214828,0.030664821033056983,-0.013738492147665145,0.004556380315470018,0.0016627442376668695,0.0009380859371658327,0.014955206876310136
0.02756434873439953,0.03559101498829012,0.050912133961282274,0.04075218718265998,0.0630287424654979,0.007325017149811028,0.032160162821504135,0.003965673464778913,-0.011057025373991343,0.01576795792632231,0.0027235518012521005,-0.01303128451605173,-0.0005662709669441816,-0.0015300034647833189,0.017436011143646835,-0.025618072551964854,-0.027748498743670035,0.026783935885183973,0.020531882845015323,-0.00611293079093064
0.024772097749956593,0.0483387616300391,0.0028869834392807013,0.017957254918680037,0.09068898279727015,0.01868495275799387,0.013743237447911798,0.04185004960870656,0.017719699114087974,0.051804115328453665,-0.000820334852710785,-0.0026935924930126523,0.007135257890019396,0.004337626517461027,-0.04191590544488958,-0.00029363122185805963,-0.016940114627692338,-0.006850851438372226,0.0015989306426140333,-0.0037644685214791728
0.04253047635843471,0.03383956598709749,0.022178547090548995,0.018154281567106925,0.04434560405051302,-0.010302580873281394,0.01213566307813378,0.012274684994755767,0.01667675414966399,0.04338463361206183,-0.02609473116577662,0.03378613741425633,-0.016086468969557913,-0.00021897319676091997,-0.02954032295598434,0.013184519312611203,0.030375349315520706,0.001617285702150811,-8.406414482125223e-05,0.004193368286956121
0.0354336921034982,0.018469597561462537,-0.008054922466855623,0.06791502752860246,0.038909771443386754,0.010199717257743659,0.021056891564180953,0.017042382497123358,0.05686861036151961,0.028095240584314646,-0.025003449447046106,0.035201169413716676,-0.0006829799050535853,-0.05235046183192583,0.022729081526072777,-0.00485184143241738,-0.01951370540180246,0.005066447722436207,-0.02397342998559313,0.022853709199004917
0.0468613030875617,0.04573972786392098,0.030561158107110846,-0.0011528191412153686,0.016149785606099303,0.024702607064714357,0.0012767150505783656,0.027412031675561128,0.03322081962484237,-0.0009632334760951503,0.029423909820268993,-0.004573596392194833,0.023138345541911718,-0.0031079537407484557,0.00015417228278913862,-0.0012786903698229265,0.011963851290997137,0.018067435876790834,0.002075508005502079,-0.023954614277615142
0.0542393297778008,0.013861459590925593,0.03258919339650745,0.022061255841571453,0.03891198557062005,0.006708475425946254,0.02384470035626008,0.055498741837379406,0.027250793028801082,0.0277970911742657,0.0031082432025140005,0.006751979876419704,0.034302651187834154,0.03893370067520282,0.0035362366348415985,0.010305819765337784,0.01712931026512823,-0.005035666757523326,0.04455024556416642,-0.02658118242219054
0.025748344740544802,0.04277808166231783,-0.017079262790413233,0.01453959533242901,0.03390181036213208,0.01006002026019874,0.03448377225836252,0.055692853283517973,0.0020760101665097015,0.0027954451070443045,-0.008639887939862726,0.0028829480256431007,0.006481821121619763,0.02318032330395245,-0.013421193794948445,0.008420237980493291,0.012345043493321516,-0.004696861393166429,0.014000467888450614,-0.005276843629441194
0.03693697340962626,0.037269602286216785,0.01871889127990512,0.023083844964114374,0.01035062497068861,0.016154413069228272,0.009819486562152603,0.06143771139479477,0.05068238206619136,0.0288295104234789,-0.01777701828252288,-0.0066041823630742765,-0.023650573130971977,0.005843864647889826,0.004650933190703685,-0.002530714241477757,-0.033759755699088345,0.00028145891542964794,-0.0022343971964979923,0.009230589670267264
0.023738111492815198,0.04592803818756315,0.009810019215631564,0.0036265011478091094,0.030988551651754792,0.015008644173809194,0.03507737692199819,0.026584763815109283,0.026317237630962803,0.016365909818286783,-0.013141721295482307,0.015434484120553288,0.02453220243539175,-0.05686722263801694,0.006505112106926479,-0.05352506541167216,-0.001513130864839042,0.008650169531614797,-0.03006258212317697,-0.005313244063932401
0.057916646223367056,0.014181294888529965,0.022817614978039327,0.026436197598553025,-0.005000503905213893,0.017653593179949877,0.050336861282404076,0.014017593186650353,0.016878530215996328,0.0011985742616769691,0.009764413720354631,0.004948804647542614,0.00847725272532812,-0.010870795655978805,-0.009889967294776345,0.03677722903348676,0.011367336795943716,-0.0007272293196970967,0.0033947393077352287,-0.010399983349389241
0.02082548666689817,0.006735902219155397,0.023134744282125797,0.04885559020016156,0.02349803499371589,0.0112438024334034,-0.014858085164532457,0.023120480609910045,0.04207033651986257,0.021392629296228923,0.0064320713033480395,0.011152637675748455,-0.012416656678597449,0.022893220680465957,0.024283769241074806,-0.034169650307625046,0.012212360274481172,0.008688082996813278,-0.010755070450329286,-0.002657039247447511
0.03056027950273569,0.066382222000255,-0.012623197618817708,0.02294984095616621,0.020792248620303044,0.007781069559270154,0.036174229113410575,0.017797148810009183,0.05742400729376366,0.004402409710141317,-0.014175151074600049,0.006209741078913844,-0.010465450025601305,-0.008910152325661684,-0.022754790970171815,0.0026816896468044387,0.032278038229018514,0.014163349425493571,-0.03742617888628413,-0.003974930124595037
0.005001088495869693,0.045327311857107866,0.021530649199882526,0.04284982806569192,0.013867747176521417,0.05916791792163452,0.08370304542076851,0.03393386741496644,0.025046794080990215,0.03146475022817897,0.003931935455912576,-0.01468676261170844,0.006460861883305651,0.01376349653609437,0.02040880095911677,-0.0350774104467217,-0.02905077677613158,0.029243394594414093,-0.00975442867694104,-0.02337084568898596
-0.010489698797555822,0.022556174280168095,0.012544774752436809,-0.0010695939302239887,0.025465374950368193,0.01457644459650572,0.02588985015750999,0.011561420510239177,0.0026532777807128267,0.010179665182246729,0.025081664411251214,-0.022161978392912306,-0.0061569822197903145,0.011212578930669764,0.008071898172270215,-0.0219805441857895,-0.017511987868355457,-0.024559203920604355,-0.018469056111697045,0.005393712829206599
0.028499428479999638,0.007592070799499527,0.021584889307066993,0.0168152717787781,0.01311896259008834,0.04384890688382358,0.019258204399325705,0.015436254825257614,0.007412870034209824,-0.011598396438578091,0.047348337731666815,-0.018293155864580492,0.04031257929765917,0.0046191509084609755,-0.026866286477429085,-0.000123068805431933,-0.023480253274173465,-0.017428657872274506,0.010452572832778558,-0.0045819443522347415
0.021934679949961726,0.010870035694889072,0.04712078432844647,0.020694151653042694,0.018143524963657995,0.01654456603481596,0.040618529699131135,0.03179829625643491,-0.003717903162138776,0.018867717760363206,0.0032450828718076623,0.0036590410505584845,0.004913239016242861,0.002478221461052778,-0.001185035431411609,0.00842738905604426,0.018641857349649682,-0.013727619052053256,-0.0077404168013927264,-0.009644225113856809
0.001304243935061445,0.030667805526307275,0.024985461463473427,0.04664763587485861,0.009677589269901966,0.019859610303886666,0.004693339400606298,0.06322350986150173,-0.017184466822223902,0.016696237150759158,0.024167869818859964,-0.016676349440485332,0.002514730624161904,0.0021077620964076766,-0.006410984980861967,-0.027593243881535817,-0.010420607166225355,0.029514009921553824,-0.030811195816531443,-0.01585837605333604
0.0210666476025858,0.008578640070709919,0.011814343685012243,0.02367507664803941,0.03326324325303513,-0.017612871856990363,0.06414326507894014,-0.014903206790084195,0.038311528941204355,0.028825025282036773,-0.026419061416968165,-0.02489656186330537,0.015445467875122843,0.046654806709590456,0.003790623407998772,0.0180936141053491,0.0077431963556948355,0.009445552515046925,-0.021009601113262222,-0.007396044702901016
0.0011501066010232049,0.008882765239529248,-0.020174875028472677,-0.0009539285213027368,0.03193517781578742,0.04262960594739838,0.02207098620951379,-0.016277570424468233,0.031010781868822036,0.030160833878697942,-0.0008275024537576856,0.01397875623212934,-0.007959383659709728,-0.0074905929226184555,0.00492314032611583,-0.010882035930025907,-0.013189194651052286,-0.008399573669147859,-0.01239652828297798,-0.0012557090376026907
0.02649354890449708,0.00782445291217036,0.0011586992156316835,0.04139397218123046,0.015682934242813442,0.03783543166894649,0.014363319684664415,0.009169455250508083,0.06583137053658174,0.020965036031102224,0.025015534834407216,0.0244801922534786,0.01748057411846981,-0.014966241010861858,0.005720026972372008,-0.005071497623646395,-0.024545310116547585,0.005340658167640371,-0.01236450463202534,0.004721656835792155
0.03493081618564946,0.026595397245734727,0.001440885297961561,0.01842199654995998,-0.0026568975198875376,0.025467298525088222,-0.0045110117468410375,-0.0020533518952339704,0.023550963884844647,0.045385230117663794,0.0022384107704950616,0.006515070909479939,0.03862611882551107,0.0109971953515569,0.055630319955253894,-0.02170031210225936,-0.002930705632044216,0.02094974322752273,-0.015392431536487011,-0.02980993023250615
0.0711655028607112,-0.03019914382893989,0.03573917371712593,0.02134740891687428,0.018217237763124717,-0.00223725744008472,0.01587221284960634,0.036299158701346104,-0.00019038164632019863,-0.010798976230458689,-0.0150842876990822,0.019939194891356184,-0.015867966665811296,0.007759004039797503,-0.02383582714639109,-0.04851859789436613,-0.019551238609362132,-0.023525735368498467,0.009672132371842867,0.0075864397935700425
-0.01229342267885498,0.0385569164575801,0.009847244611633494,0.008548679806361668,0.043913988840986254,0.033033851937638296,0.001298241848545479,0.045073721436773115,0.07080463164282028,0.03170787779543299,-0.023592821363931683,0.02897063326790248,0.0037421317934615136,0.0008225289800413018,-0.00860356749025001,0.0242720586988109,-0.03072461900487259,0.03292978781688286,0.004538986096502535,0.00173213929841237
0.04640708113885212,-0.030729151789175936,0.02896880031818886,0.022177116981617388,0.0342839307521494,-0.004907365327478994,0.03609434799721126,-0.014605888373648842,0.03316030170514969,-0.010933502554538371,0.017299287315475857,-0.024998117270169203,-0.03410047918060695,0.01771873561026544,-0.007923058611772792,-0.024314943978326228,-0.019629487576212225,-0.006454332943474388,-0.01213226523125397,0.01605659651664588
0.018016416948701174,-0.011556094011620235,-0.00485113077793841,0.03701637890828183,0.05524888479322888,-0.015533855607096267,-0.017084659101476024,0.020269769858952274,-0.0020762676258541148,0.026937648863137435,0.02744998281756986,-0.02013643804922801,0.005664769557991842,-0.017604546275985747,0.05384865642943751,-0.018955679785963925,-0.015261552366517335,-0.011649146952793754,0.007265974420855387,0.04472105179712912
0.016396265953725665,0.013122290012562139,0.04295464640136119,-0.023337634985599223,0.0022812351270112656,0.016161930770100655,0.011150515576926588,0.023175154519000186,0.02539419256671966,0.029136187540682805,0.003502634274211465,0.02389738477001445,-0.01034733897408282,-0.007361917084745831,-0.0015778966513383605,-0.005869032313975069,-0.018747070223008252,-0.004317684619499735,-0.0011126666111706107,-0.02882145750997391
0.018106216835366555,0.022946653930276333,0.004352723881826092,0.030567424753650756,0.03888895954012955,0.011070624808563172,0.0037722222661757043,0.023047104264127028,0.0686277308997028,0.06584651748568725,0.02002882012014819,-0.015242342072799649,-0.02094727320943311,-0.013125918003769674,-0.02185116850574835,0.026203178528112506,-0.011959278120026647,-0.01221026830477523,-0.040009878844077404,-0.007335633998470304
0.0012467232190342837,0.006160999253826879,0.03147771598261542,0.012734225429026495,-0.06167643452574191,0.021696629815219262,-0.0011923282894070238,-0.019876033633903212,-0.003371525797492057,0.008508948584070922,-0.05729603620377842,0.010775244196268852,0.011940631044094433,0.037515543673816695,-0.00674614499933651,-0.01942894196284778,-0.025510145176852097,-0.0034472345551629464,-0.02338943319068884,-0.05261297063080788
-0.001909929893887663,0.007573629943483965,0.0021839150412340334,-0.010147125393656272,-0.020022773619072308,0.006701939903616349,0.02964497295762879,0.042631888687623506,-0.013445141465723972,0.032865253734087614,0.013428667535607213,0.03545383307685066,-0.018203648134065872,0.011147451508930336,0.0083517006514214,-0.02250706105649293,0.0032352853670756603,0.02377457363670246,-0.04987920960957288,0.005128511336993748
0.0068495107403704234,-0.01702967419432081,0.009049916327015508,0.041309658516488726,0.012105730313787524,0.0009101124984151557,-0.006246981613829547,0.053223570507925005,0.01890043653429995,-0.0014357164039013291,0.006533500309928938,-0.004225596718496915,0.005736608089889124,-0.03185558703270427,-0.03195263629309767,-0.0429729327884964,-0.02144009860099496,0.005293627865556458,0.010750589544813628,0.005693982958143471
0.015355381327959758,-0.01760317937712695,0.024976472465221805,0.04327093306227428,0.01970054595195743,0.048359371722173895,-0.011932515209672733,0.005669339563661671,-0.018811420135951426,0.018366449545674745,0.0334965106679549,0.02214577966099789,0.03234048521278434,9.079271157542003e-06,0.013965743309858352,-0.01711972698061104,0.00491512262288496,0.011713692515361904,-0.009449809837878484,0.038421756616647804
0.04258769787154029,0.04146104264527123,0.050756686946835924,-0.01665935787896303,0.002983184411642999,-0.012609936070430297,0.012839909470721203,-0.021050088930493694,0.02036456007691794,0.0034708221049565826,-0.023389398940025206,0.03080568633966652,-0.032014808978643845,-0.03233777049280902,0.04012675611210954,-0.02943185352285564,-0.03401908787305245,0.008062653166540076,0.0038109265334334234,-0.0030596732212064236
0.0022494983633297404,0.028450487198140514,0.02498084560539215,0.0005981218936933555,0.012290220879178727,0.027110384537439386,0.006255563642301008,0.0006952179886611856,0.01862443595321721,-0.026839869060315068,-0.000853651101448363,-0.01286750489488748,0.0071425187981540884,-0.0334311802881054,-0.004554006495586696,-0.024200244533140458,0.005223726631834173,0.004958049119630445,-0.009433016054071486,0.0035943904589420786
0.04003021431318241,-0.012456940479898457,0.017017962079307697,0.053904410783838674,-0.005148543848879566,-0.03326582218868401,0.03405198540028034,0.01246904259816729,-0.0054135063299123355,0.001629331944535177,-0.00011987620830780827,-0.0024127331280078155,0.018134227740762048,-0.005011492050866329,0.020739047985846287,-0.008447147870670399,0.004109277807594003,0.002852041533513824,0.025147551765932755,0.007930435499221445
0.014480024634925159,0.0415767490867927,-0.025951482724018086,-0.0036231611079174733,0.014507551441668426,-0.030882871683491155,0.02373664954994576,0.025522828993340244,0.03520866059506619,0.002679654893371539,-0.0020385614914991998,0.025514160688855377,-0.004833683840671965,0.009364264538547561,-0.009264918547980991,0.012828183293268751,-0.014887458702112558,-0.007106495599930986,0.02491674923643098,0.015113823754166228
0.00913510479874163,0.026069472659050307,-0.004855480752439063,-0.022710133304569117,-0.0013443937516822487,-0.005520957341116059,-0.024507491609285788,0.008681447864229285,0.011163506995215554,0.046703249144867634,-0.009257589582661983,0.015154359161039058,0.006424408541553483,0.011731181544711504,-0.002737890908246711,0.026884121760141544,0.014359458010616558,0.02145014353052552,-0.01929374800546807,-0.006869733575693052
0.012220413247654025,0.0335452716293686,0.009626452275349662,0.0572112226275695,-0.00352362773705075,0.016985421524966213,0.007342188876352247,0.009563414990421333,0.004422831357048362,0.026880070939358014,0.005225735639572454,0.009804693328717718,-0.03646634448712645,0.02263080860455539,-0.002631647649124463,0.007735520045537174,0.01841942386480715,0.03264297368985209,-0.03663930773198246,0.01191120523285617
-0.04081185895015761,-0.0003213798129455374,0.04364559067580833,-0.01822563004761003,-0.012494867289981533,0.019996008649432337,0.0014866741379127935,0.011973786842135212,0.005199902113054462,-0.0005550421950609244,-0.02457780796665411,0.03554913311574799,-0.003922365296103468,0.016064715903970194,0.008693753616678818,0.0011362826188869059,0.03188926823257333,-0.0031740392678450734,-0.0043064624805258574,-0.01011309262906668
0.010181152298630237,0.029535642090397524,0.022782945774103384,0.00934185742983819,0.04201839342453549,0.01586090455497449,-0.008220901740563514,0.008294348451350731,0.018551858529762624,-0.03403957052504439,0.006426306574030888,-0.013725357126286489,0.04367481033595211,-0.03180572388318968,-0.004774452408056299,-0.0013227244028688528,0.0040802366120243575,0.010661530441249532,-0.00993563475933499,-0.022061189924115855
-0.02122335241656533,0.041005838109916176,0.006357981559882245,0.0019821974171089227,-0.013276221122499286,0.007087511577222226,0.005163966697823433,-0.02220916385561824,-0.03276397042536916,-0.00045552266021609347,-0.0054780532647317436,-0.0023555000655301845,0.02730631994261442,-0.01748845701528444,-0.02759012104152866,-0.034378731911015675,-0.020057002505492572,-0.015485707205465488,0.002740997362779433,-0.0456063908891268
-0.0005896259695779092,0.00015109378498451634,-0.00961897688723649,0.030317344829281792,-0.0037517166371022342,0.025922580446908774,-0.0005222717024617723,-0.014876917777658422,-0.008736319581889463,0.001761263491222363,-0.012429132183263311,0.010011111075550189,-0.054758568798007494,-0.014801966304273412,0.013639385291194187,-0.027871956917994923,-0.04082342615899595,0.0003930532262570368,-0.015013809210319922,-0.01498390301465915
-0.013290747052397673,-0.007560893994323905,0.022056107530618353,0.02209350501366388,-3.0496264798417216e-05,0.01503887366370903,0.013950252365230202,-0.0076767282657624674,0.030278279786491773,-0.0033778123944157162,0.06258659268603922,-0.014046525392947802,-0.005714476526255544,0.027001080291155548,0.006226977628460677,0.005193851525312075,0.012416517831828873,-0.025092533499474618,0.022527018531855743,-0.017098125819772353
0.004914346256684221,0.005559527609073624,0.01754048059136973,0.002030907107033495,0.012693143541450905,0.04519826894834423,-0.00834003519396706,0.017844905153566473,-0.005185756528411427,-0.006966673615876176,-0.010503274724500935,-0.005705196633051863,-0.00850448400897771,-0.019752473873123347,-0.0290128199099906,0.016397079357141343,0.03417918781034114,0.0005524885295079328,0.01653685009976235,0.009746118734124693
0.012206859526373832,-0.02103901396482688,0.021588410695934663,0.0423109683729734,-0.014115785559882013,0.024902331598539,0.021898669586679367,0.03146650659730095,-0.0050289164880875665,0.020780033686289084,-0.029025046574844643,0.017502451646889464,-0.0036827352584477154,-0.015020105932406094,0.02914120444647955,0.0028858351645755006,0.006388350615826511,0.013222764848014058,0.007731328371061268,0.0011785501573105589
0.009836901431691246,-0.009209010681228239,0.002585037372700961,0.010852907440852516,-0.012077513604824628,-0.011456740657366765,-0.012912109695086568,-0.01046811558355219,0.013673131307306286,0.01344929772435003,-0.012599898219288346,0.008398092813035534,-0.012553435173588439,0.017397175016391486,-0.01019230400481947,-0.0009932592088987154,0.01689156927061433,0.013139360094666047,0.03473313700948532,-0.008197436814722254
-0.0099111030968678,-0.027792747460342285,-0.033052230761165556,-0.05746865335493399,0.010089497761994774,0.003927916298079511,0.01184375188052847,0.02811084532341774,0.012183515151409573,-0.01223955912409236,-0.008028089124502,-0.013701806755552614,0.003327417330519212,0.03221241554389393,0.03217598206488319,-0.010139694724887321,-0.025171676726480716,-0.013596570332759359,0.009969797040199558,0.03142389287990967
0.0029183329520133744,-0.0036990091631906247,0.019096995098892018,-0.006236398245227671,0.026677905577479205,0.018886621966147606,0.025940639170679475,-0.026579987439100256,0.024568972077683146,0.0017631764563081015,-0.03632090168155406,-0.011008637981572538,0.028324535788222693,0.034785438440922994,-0.029558411547254592,0.012573764726103375,-0.004146018189397949,0.005516928612838477,0.023594907785912892,-0.00012143952715895829
-0.018662550588191898,0.00568786873404834,0.04422554125592097,-0.019169078145195168,-0.0021333316967729436,0.02243732652501591,0.007938012463026074,0.007133776093434737,-0.021623211326718676,0.017899657873500056,-0.0013522990228740346,0.011977248681595271,0.0017226822685534856,-0.008007469245028818,0.04823604194431965,-0.016198017646999425,0.013110255190661155,-0.030304202263827316,-0.005593417579894275,0.012689569353508666
