-0.3898360873901868,-0.36813647000525884,-0.3188829436364409,-0.3217650961007901,-0.3758247798839807,0.1975751035811705,0.21214577686414618,0.1208800377312618,0.14937681040207038,0.2027579841577499,0.62993441218487,0.6011337638962714,0.6566470597528277,0.6589977577510205,0.6119732733220442,0.6648058438691306,0.6117574705179256,0.6658897478037145,0.6456508234256363,0.6746243238496731
-0.37584375441460544,-0.36201023060170656,-0.3136232644670477,-0.33714078429150895,-0.3818234630253848,0.1945998117581839,0.19595162277731415,0.12472166623546915,0.12491837492223762,0.18892303946284922,0.6535579448981556,0.5967228729041535,0.7052334618461851,0.6549617218000238,0.6029140158071147,0.6149089495459257,0.5970158728142314,0.6528404257496548,0.6885925982448117,0.6806532385083837
-0.3440591733672601,-0.3549463157482223,-0.29856548397152227,-0.3020857473163233,-0.3717970867337786,0.1834511440927982,0.1972287385107358,0.13399779585878846,0.14673036671188616,0.20516045203708927,0.6682472240955385,0.5870851851067144,0.7230341518110825,0.6457516166757503,0.6386294316416212,0.6096586524919931,0.6122156680444565,0.6425362479621222,0.6586314009758595,0.6933041206634327
-0.35022426561228664,-0.347459830900535,-0.2966408751439571,-0.30557306044454813,-0.3725445276620167,0.19099865284921605,0.20211835312088283,0.13778759889536396,0.13838573290407755,0.22267331643490207,0.6367343301547006,0.5845840874617916,0.6501840627768155,0.6270616876658337,0.5912460003479671,0.6101965726875335,0.602230580744795,0.6422728512089972,0.6154997961170567,0.6831072573995131
-0.3487853122470469,-0.3404174333629612,-0.28661535120628634,-0.33630213267737996,-0.3390154393172927,0.20571268604251092,0.22950199852292621,0.14876920140351285,0.17548941093871862,0.21241336024266894,0.6368056666747437,0.5739383992979211,0.6674180995912176,0.6224595836288738,0.6123993761012684,0.6241155794241116,0.6044828712373459,0.6246384188028875,0.6172389222661293,0.6673500364505683
-0.32916371906431313,-0.33373231497253614,-0.28626349342527346,-0.3219185917578973,-0.34821608287073363,0.2330915772355774,0.23271886082411453,0.15327469056063622,0.18460588318965332,0.24321366963212937,0.6132797145617362,0.5692177095004528,0.6194670856336818,0.6173247830920439,0.6147366873147604,0.6350748407476754,0.5793043877042126,0.6435451554101044,0.6280437852792606,0.6465952886554285
-0.31990170881140645,-0.32413787934304933,-0.2756439139730446,-0.30860153161296894,-0.33248310780936446,0.23570763978474507,0.23617058031876625,0.15746079714047645,0.16440986925175677,0.23535956218259768,0.6183708517688601,0.5584913173176621,0.6406834417176914,0.6092083133156746,0.5554283999637196,0.5872182137573247,0.5767104873680464,0.6162722940312709,0.6038061608850775,0.6442211964673813
-0.2625285091416668,-0.31678704662045554,-0.2671195309093233,-0.31066704740893514,-0.3402798077066385,0.21944704832820416,0.23181120656483525,0.16352218527756676,0.14493850595482147,0.25009505771371254,0.6421302928964557,0.5551391951342654,0.6349225487059313,0.6049369711685825,0.545983299095647,0.6106145506156421,0.5686001982887324,0.6086563454690043,0.6212013439004801,0.6361056320428834
-0.3302306190606337,-0.3100511823323504,-0.2632171694092115,-0.26138838311341706,-0.3302905787787724,0.23922591909099644,0.2520768621768561,0.16916930359132396,0.18364070431182103,0.24379052302555695,0.6453244875157793,0.5501771014547493,0.6173153184551905,0.607706878569602,0.6095736452809122,0.5769698232217304,0.5811709534763629,0.6135479093888225,0.6074095095593313,0.6608760653428802
-0.2993593389577352,-0.3014983162082159,-0.25705543453673846,-0.2912640560937376,-0.30742751701139476,0.2648863026869315,0.24830616994657292,0.181871033201142,0.1730000949249431,0.261421746047119,0.5818612590242523,0.5401308335299116,0.6199289698985423,0.5966026978449699,0.5490270146604513,0.6026327641508675,0.5416835511287894,0.6074912790275223,0.6216288556898497,0.6420109195023114
-0.30684592841675573,-0.2935040623963285,-0.24388081970654332,-0.28447140542560756,-0.30192709978084686,0.2560348975040217,0.26189632531576823,0.1814857320036631,0.19118140596377758,0.26710980185665595,0.61307473740667,0.5354819539746524,0.5562570970143619,0.5852940753311503,0.5829374460791242,0.6123984756218697,0.5561048522858446,0.5966514125932856,0.6252039089831952,0.617341103320733
-0.28317266249681133,-0.2845695540632389,-0.2380284640210394,-0.22931215202047872,-0.29487686103963195,0.239472652513315,0.2486617871911212,0.1913408599127783,0.2187137803721458,0.26590163702456965,0.6053275654604957,0.5307851521109256,0.575755100436573,0.5848544590405312,0.5883911641734969,0.5641076376376166,0.5492316857739137,0.5852355987007193,0.5836307590012004,0.6007681716531158
-0.26428296323732997,-0.2775591149190042,-0.229298945460045,-0.2564052568646203,-0.28294743058740063,0.2430193135789728,0.27412738069545595,0.19366138744571001,0.20993764873533421,0.2800028530434175,0.5998455653394752,0.5244415787670549,0.6407637442380221,0.5756507426661701,0.5239310092782622,0.5670429455266728,0.5210309849415714,0.5755013183702988,0.5852008747459087,0.614452813015459
-0.2511537576821403,-0.2688413890590111,-0.22318777768956125,-0.2847311690616624,-0.2787173187866517,0.2737301121760829,0.2749978681133323,0.2038956192928272,0.19450659157518027,0.2816637892824823,0.5794066789599928,0.517814832275829,0.5599263614280092,0.5669704502064442,0.5536265902333957,0.5627202271379329,0.5500236804814005,0.5713783341166241,0.5870962643143957,0.6237579820214095
-0.24855833284996082,-0.2612283802810631,-0.21142409094600176,-0.2743443456956551,-0.2542996402004963,0.2861862817939106,0.2793541560172681,0.20410288074762106,0.23676460581860886,0.28065850554805705,0.5580281531893692,0.5095507158853422,0.5865752392389716,0.5659723629066628,0.518486393786729,0.5222035898286945,0.5279753631557771,0.5652552568424011,0.5484356705240689,0.5910882205104291
-0.2574521832147717,-0.25154856043105517,-0.20554889758307487,-0.2445669970836806,-0.2863480058490711,0.2688188494084855,0.2783655283278105,0.208733078344636,0.22553290828316008,0.2988283916236558,0.5572710251431985,0.507894646046659,0.547276943915549,0.5653912815498429,0.5114743406313182,0.5586089838460458,0.5107132023762029,0.5618283670654097,0.5823151775334499,0.5946587637802794
-0.2344400475733379,-0.24429974394188606,-0.19167687597317823,-0.23124717614960716,-0.24832219432895086,0.2844804543943242,0.29163136341715734,0.2146168290771099,0.2355150818583674,0.28302834781162073,0.5709881715094723,0.5019806380823443,0.5806158845695298,0.55580498204158,0.5032982089016796,0.5806203151918438,0.5171006157062993,0.5572678541800284,0.5558058254589124,0.5973430215607831
-0.25312388620748427,-0.23595400476301032,-0.18431113106140706,-0.21172268183059684,-0.2530530178314785,0.30832094207917177,0.2972888423405961,0.2245279787012313,0.26896379619128913,0.31331460191203697,0.535098648565266,0.4908033103902874,0.4979561176883943,0.5433177661215675,0.49268292385823687,0.5742659706589605,0.49562028872910024,0.5560618532152944,0.5199672364003145,0.5920469501906519
-0.1999406877974736,-0.22587219324896368,-0.17755798386651897,-0.18259254524171328,-0.22960054793810003,0.27432692477542586,0.2780712414233716,0.22679101797086546,0.23666750979616952,0.3091028708904023,0.5626007762984117,0.4846602190010667,0.49396438892429934,0.5401954980336872,0.5038227258655512,0.5431688340374253,0.5033763453380082,0.546324890850415,0.5369146615898829,0.5847028385633835
-0.216826629791561,-0.21727190196071494,-0.16832585682394044,-0.2093907029860518,-0.215636731811998,0.31839371624605434,0.3106779991350634,0.23396361062281493,0.2533896891433589,0.31708161277844793,0.531946179232345,0.4834569010124736,0.5168093987746658,0.5399827668914289,0.5021636503801105,0.49338748385200704,0.4960612487339595,0.5472782858052712,0.5603360650469258,0.5916605735373567
-0.20263140518370037,-0.2075427741374941,-0.15521999115972088,-0.19237515435774977,-0.21857448732755688,0.2902951097104953,0.32259834588510317,0.239563011669183,0.2511853766983909,0.3207151662584706,0.5318251210488271,0.4776944304450931,0.5504899207699344,0.5342487300469316,0.5363069648284942,0.5348703646702835,0.5000561634140473,0.5224760940856792,0.5498000688314596,0.5556489836190837
-0.16457133900416002,-0.19849457429198464,-0.14549905540752586,-0.1687059295208693,-0.22358812243066198,0.32520414585678065,0.3280070832211547,0.23864866209558588,0.25397014945400065,0.3208401079821512,0.5375716523380734,0.47135463960764146,0.5089866325652157,0.518478691205912,0.468453043196625,0.5174554373776497,0.48585878722539727,0.5238914810130381,0.5218505244132271,0.5755712078943738
-0.20064028324321911,-0.19140847243645118,-0.14350791705176677,-0.18775869979694326,-0.19722327101305953,0.2885787965262732,0.31805287305618885,0.24784601350915317,0.2571579991371056,0.3400966397064744,0.51629407535,0.4648375471493913,0.5034027624053141,0.5196954348185205,0.5132306118339955,0.5016975799369028,0.4838424872036567,0.5155991764984025,0.5162409558642532,0.56978083260771
-0.1688527370765316,-0.18041267724589902,-0.1267453030401017,-0.16604144270674406,-0.18897010691043492,0.3128668825442541,0.32748167952300405,0.24986409923175837,0.27414285386166265,0.3438051579310117,0.5177782504261909,0.4583078242753191,0.5561008194326633,0.507394892074493,0.5174025289537924,0.4970141662711951,0.4728967697923052,0.5199026778014906,0.5011180163838879,0.5427651700284537
-0.1557736887849485,-0.1699283047829485,-0.11598486094304353,-0.1576445866985788,-0.18983398317818528,0.33136746007065093,0.3347080960372323,0.26023217043579994,0.3011832609306987,0.3296665833320495,0.5043966383484795,0.4551503898441581,0.5272924263877757,0.5053368356121004,0.4819885491074218,0.4937390881295461,0.47249906081041587,0.5138641890915705,0.5301644401688334,0.5646246765072689
-0.128449101657747,-0.16058504225181694,-0.10880752566239126,-0.12758881016272572,-0.18180523897457754,0.3600774810874695,0.3179192058711578,0.26322038026717975,0.2882387639109558,0.32489722287168665,0.5114946532667901,0.44798926738985523,0.541796318908591,0.5087150511784408,0.4839368306416531,0.5062499048898366,0.46874988867041834,0.5142624839402512,0.5100040775220198,0.5382782831297122
-0.1584150019739929,-0.15082964452961653,-0.10255520839880454,-0.17245561668870119,-0.17306738343404537,0.3391314400398596,0.33502155601085104,0.26583677386201354,0.29537223501949833,0.3445858984650831,0.4840124000212278,0.44430477371722243,0.5072033761257259,0.5012722553372052,0.46680123757783404,0.4966525654265094,0.4793992028643989,0.5048152938192976,0.47360267464478034,0.5369990233077145
-0.14918081560333846,-0.14169824690344726,-0.08930715423224031,-0.1682994575385792,-0.1462294944703984,0.3414998876244822,0.3517658815862873,0.2759194575330748,0.27566153079131656,0.3590362778453947,0.5036982527913164,0.4367846072966901,0.4763303227678512,0.4973288760305322,0.5286553044026301,0.4947653751285378,0.4586961821104431,0.4947901523012128,0.5057321970590403,0.5143775900900169
-0.1405480832326812,-0.13199154423293283,-0.07919123112660993,-0.11279800346107356,-0.1567640669281072,0.35054580057536117,0.3519482173569067,0.27800517060424856,0.2978947357292683,0.3649263772681901,0.496452239960169,0.431950515388825,0.48546528248775545,0.49319958303426004,0.45898083819507113,0.49253545961083667,0.4527232964734909,0.49303124432136136,0.4969712257378114,0.5352344312882269
-0.12935656815854954,-0.12051870525556399,-0.06799718492256163,-0.06965324516645775,-0.1283369984846824,0.3621034488847011,0.34601422020294603,0.28127250290862815,0.3163661353255722,0.3732776889607252,0.49141129375509,0.42802389087855247,0.5385565027637143,0.4779813159049305,0.41798250681180793,0.45612664241012457,0.4524540239122232,0.4768059670450255,0.4808473208156883,0.5367159467436662
-0.10704351552139066,-0.1107502002959346,-0.056543766199715274,-0.09205435043522565,-0.1067106184386354,0.3660702162189364,0.3613936219489269,0.28045550309156586,0.28221281782838475,0.36587246151490393,0.4920072640602275,0.4185262775363345,0.4895509838423808,0.47484755758972497,0.41808365571337897,0.46611633748001297,0.4458739115856592,0.4788329183588396,0.4671322405200961,0.5038039930459136
-0.10045276276340853,-0.1005092203984869,-0.047330741434037565,-0.05329796112725875,-0.12365256434502143,0.35966931697771437,0.3548282640149805,0.29381924893403294,0.29747272170931516,0.37548787960071583,0.49847369404145375,0.4165600353191735,0.5165612992878352,0.46662242575100593,0.4512208546691483,0.4573715088558729,0.43892070386255194,0.4817802531264327,0.4858671263700458,0.505011415274192
-0.08335653160088062,-0.08925848661291924,-0.03492866535346,-0.06246643455283372,-0.10228064441717694,0.37118457118172776,0.35578702086841785,0.3005364662909835,0.29958418239361295,0.37679614997535543,0.47800919393235375,0.40799313425247513,0.5202967988310339,0.46505918169636384,0.4419343983599306,0.4658242524787682,0.43586474514485746,0.4736511153245357,0.4709239981994983,0.49997501117053617
-0.07225161569656416,-0.07874367921541524,-0.02644606141794624,-0.07650899494895337,-0.08119371453256921,0.37534997361130057,0.35694312031140263,0.30187556404901594,0.2956463805264236,0.38255599692007675,0.4641395515093108,0.401604615956993,0.4978003957020792,0.45606784657912963,0.39949660900601924,0.44252004857555266,0.4341632856763705,0.4603955666057612,0.4473990176633516,0.4933888029954334
-0.07727543728618434,-0.06820496676738286,-0.015765028946203602,-0.020461717280656287,-0.09066490591988423,0.3823855319873146,0.39271854022859276,0.3060563372131526,0.3063245657771913,0.3966559350984805,0.4356902891604078,0.4000663961711731,0.44714457618232,0.45056304272121894,0.4434963787108252,0.4534988103055086,0.4267757324880691,0.4569654720157749,0.4595527321490284,0.5015570234949489
-0.09648848178379395,-0.05763405314519676,-0.007807242338625822,-0.0006827765233455851,-0.08022870879450415,0.40698241340232255,0.3900083474053264,0.30596590189193096,0.33329909208130787,0.3971644500218692,0.4539615919894297,0.39386890898796145,0.4503855719963629,0.44847699185615564,0.4337824123378554,0.43408099377060116,0.40540418350756596,0.4479381653529232,0.4544459935756236,0.4761686514054528
-0.04800026935972403,-0.04475138590500504,0.005214900437712804,-0.016494907448868855,-0.06741420473267393,0.3742953784603008,0.3780879971252238,0.31451737562627247,0.303489839953177,0.400321572955313,0.43547900279334567,0.38867427642034597,0.49372853334708794,0.4416129342969974,0.41587679141685907,0.42199368836706513,0.4130752928966925,0.4566335616948588,0.45799932068463006,0.4566695133503128
-0.03735304990773861,-0.03498207251661993,0.026054276622166993,-0.022220396224087932,-0.05627622278067373,0.3947856472234663,0.4104760936323138,0.31795628765010997,0.34015629074909304,0.4047579740344669,0.42996955399791903,0.38469091502382663,0.41424458480620846,0.4391079080595116,0.41528463331958465,0.44502179828590627,0.4119198860269349,0.42947375109474334,0.4243058593404739,0.49379865889921704
-0.022940446581063218,-0.024060713947410075,0.03446428196399308,-0.024397589498439405,-0.03687939062018261,0.40273311785024407,0.3930799126820127,0.31875544230549285,0.32810830320828827,0.4091215270855595,0.436749650647755,0.3783730149450672,0.4856708590059504,0.4308587112297269,0.43040499012290084,0.44860282245791055,0.39920832079221913,0.442081559585704,0.43308443409740727,0.4404318829413504
0.004923341144734238,-0.010979580408481548,0.04341278420414131,-0.04364147285267995,-0.014771937322645578,0.3954588411681418,0.3945097894597651,0.3238090749349657,0.338271359072196,0.41517194872569746,0.44444586420005333,0.37604265484193206,0.4215353747429469,0.4270694330814232,0.4258492389081528,0.4259485703572666,0.4062440676891545,0.4244481607042373,0.4222240747625353,0.49287810859016734
0.01253571849807927,0.00018640387129300774,0.057093775728138264,-0.015414169132405495,0.015071872879450339,0.43860287226723477,0.38164111746416657,0.33028682472644905,0.33974405042742967,0.4184630428555536,0.4076880586370201,0.3676839753268127,0.5048307740031192,0.4174992962438267,0.34189272630917794,0.4438877607315991,0.37881374690955966,0.4208955956560743,0.4441799421992553,0.47132853073454745
0.010482749340009707,0.011887803439394388,0.06938827034113494,0.06597723926524578,0.01267946686247393,0.3935355136978955,0.41829371285309735,0.3339571745356688,0.3092318718079393,0.4163298113980615,0.43039998910727706,0.3666622248409792,0.39553850038266875,0.4125193990197951,0.4012212029511687,0.3928826248709645,0.3795573022244594,0.4163103230184049,0.4421633287356957,0.4801323792405101
0.01735225277662112,0.02334840197160299,0.07673810196096192,0.07594314364320406,0.00660718332344669,0.4225710013715443,0.4141469384917959,0.33230715578683034,0.3526240653901282,0.42530285042025356,0.42583823970540435,0.3604417653964169,0.42204805594538086,0.41859225725147226,0.3994972557804356,0.4468320396042512,0.3846717613933462,0.41456598367175107,0.43802944847360065,0.45269635157089033
0.042540854981037955,0.03623152753741034,0.09742326879252342,0.07568769795526596,-0.0009260759273347144,0.4010227364070587,0.40166349195705725,0.34313168877268624,0.3553735787111693,0.4176256604285057,0.4398658186871592,0.35493008237905044,0.4120493518917748,0.408154200666994,0.3194664059643541,0.4068214864941781,0.3822958824451964,0.4093119377581879,0.41262288049022,0.43780451136771786
0.06439996606238745,0.0484369265953884,0.11042907047911468,0.08061681515077102,0.054518641283423805,0.4149221260530814,0.411715394628075,0.34488905654701685,0.3503478055683064,0.42320845923028044,0.4060534300796878,0.3483611131150802,0.41999086414717446,0.4026149494949217,0.34087830123923063,0.4038480902640621,0.34985185943345687,0.4095071650751967,0.38491731422134906,0.4390622498425676
0.05948999396805099,0.06162632376650738,0.11918458589984458,0.11323915607339492,0.048618969112058444,0.42578129826320504,0.41405372074943464,0.3518358975017284,0.3836268644606529,0.4553513509764655,0.40446042476502614,0.3443301059580922,0.4485742989369894,0.40218398178964926,0.38088580770229963,0.39758158491402723,0.35690603728499243,0.40997840762261945,0.4189276317150741,0.42541072596740803
0.07604688661868655,0.07469465018595865,0.13548124158916444,0.10020086811823993,0.07413981712337363,0.43823053595486366,0.41825431564342685,0.3520761206113657,0.35556274376527436,0.4472854437432968,0.40655341953172597,0.3405428259929939,0.39418834609317893,0.3924648028873063,0.3497371296052691,0.4103091661047725,0.35527254286111304,0.40196379760065576,0.406293673793495,0.4420653992721715
0.1291818657205303,0.08807390087021295,0.143826412042217,0.1348732639554558,0.05974447823453445,0.41546336235925296,0.4380840561837077,0.3532084753084265,0.38423332612511496,0.43759658327201445,0.35614944703638307,0.33496990492945344,0.4246845907153031,0.393873858469214,0.3596251377135405,0.4096093379992216,0.35058607043736817,0.38633289690347383,0.40713269127165164,0.42595480924193635
0.12515635101390213,0.10065720324571673,0.16068755894306344,0.095909105225752,0.100128010608619,0.466493842900865,0.4297759736421738,0.36654584406258095,0.3548927406697999,0.4338254262877507,0.40826429799863856,0.32864601364189505,0.38221001858498654,0.38863398189420506,0.3621317083588582,0.40043884385099454,0.34926294953359527,0.3844324144198062,0.4083524976770922,0.41520573436859387
0.09390801546883373,0.11313975639380566,0.16776506205505964,0.15389307980905534,0.1132886671314748,0.45685802424884026,0.4382193996308721,0.36971497215683474,0.3730989110596264,0.4545504434165621,0.38790401315834094,0.3226797542916129,0.39080112429047237,0.38345723577564916,0.3708169152352012,0.3710136698217852,0.3466181359371495,0.3787806526427482,0.3793369309634419,0.43083175316456673
0.10789227831039497,0.12780338931186047,0.18874778496766031,0.1128158918511599,0.11572891878791494,0.4306035705581819,0.44073033714474436,0.3719640969337576,0.3940350920867027,0.4471310686982611,0.38956576438392027,0.3203094638941048,0.39757691972851905,0.3737787622935599,0.30292741563809056,0.3996903750459592,0.3274062215262908,0.37985887105278965,0.3658409918075244,0.3992710814506585
0.1265265449853357,0.14019354213518884,0.20937481492390408,0.2166817159926151,0.1347565338845615,0.4440579765023182,0.42322418086666685,0.36955551159297123,0.39189843652006245,0.45031037926144524,0.3998096195816709,0.31210472807448025,0.42484540352117384,0.3615876604227657,0.3457010798769354,0.35526178102856865,0.34118721982417194,0.3635508817281786,0.3928058514565208,0.4160767964929601
0.12555907941761157,0.1537813184798412,0.2146680982289679,0.15696511155975446,0.14251916132018033,0.477527909480613,0.4268566260311676,0.37325791209132236,0.4037343554681613,0.4718939890696712,0.3500510471157782,0.3071566137384806,0.39517906115438217,0.36882808697592645,0.3174164566589949,0.38333189333550716,0.334343964878115,0.3598762942777536,0.36088078009719654,0.3811987746643988
0.15986198921316777,0.16863840131080698,0.22684584282716583,0.24507500112913846,0.13988993853409046,0.4615873965489646,0.4595415943306607,0.3739700593902327,0.38878675630165627,0.46609623000661676,0.3570843675153959,0.30297195802907056,0.4410157329892926,0.34755563980502713,0.30983010590398435,0.39756674907268674,0.3321913455358847,0.34830654706601205,0.3756356724704008,0.39865548710783233
0.1870852997887593,0.18417727943866596,0.24880318503936893,0.2344409360901291,0.17713842068404698,0.4572849768935689,0.441925951996997,0.38524611383491014,0.41461910487362946,0.4752510764342532,0.36390241739047136,0.2982171568166091,0.42046858827950706,0.35342105935601037,0.3185271820516842,0.37032169742545956,0.3265065203232982,0.3530288863876742,0.3543194480383263,0.38804183001933573
0.23257014290519026,0.19687640815740207,0.25880761601643376,0.2686534958721413,0.19268760349271946,0.46573177159071216,0.4647639648771998,0.3887563180059595,0.4015374761538714,0.4661865749803003,0.36154420975829865,0.29114380648245086,0.4236110847524253,0.3435284943371673,0.3111837084809581,0.3637144629643118,0.29332546073833055,0.3408699221293488,0.3370750863645597,0.3976761564400709
0.2151091045958267,0.21177553308271485,0.2754425720257009,0.3287621541464588,0.21596391031706597,0.47013571424650624,0.45368699620980407,0.3924975717287009,0.4208167273669005,0.47752996808753667,0.34136072861175387,0.28785192872669824,0.327456311073442,0.34024861991245786,0.3568855110389381,0.3355884450425883,0.3152683601483003,0.3347761371437975,0.3422584349385616,0.40470277736753324
0.2400004431300486,0.22786785744233765,0.29540282670777507,0.2827561426315643,0.24447667852969526,0.4789448314362288,0.4710042571231227,0.39125058982611266,0.41359454560601405,0.46506305431110817,0.3543468778171927,0.28302709930312575,0.3289367300271041,0.3279901228166701,0.31662021754286346,0.33207067782702027,0.29839528880264365,0.34226349680083756,0.34592362996230935,0.38941735339623196
0.26691227540758145,0.24140092317490316,0.30604231802051796,0.26443181055592774,0.20532342526339956,0.4463974018179389,0.4583196552912114,0.3943300993573885,0.4076215342505898,0.4867080963994497,0.32912314413220767,0.27785441790746024,0.3310751566752316,0.32744312367554756,0.2966675372368994,0.35509867754229807,0.2892238865534791,0.33732498161130525,0.33703785402047814,0.40785010132848004
0.2563544043896767,0.25766826920873626,0.32232565514572703,0.3383988145700482,0.24412521450648994,0.4949193145795138,0.4619803328620643,0.3999682867384631,0.3999554153846223,0.49263179276108365,0.34170968439263755,0.27140221156380306,0.3311525260332734,0.32842807953604974,0.28780832382812394,0.3505101024999354,0.28737042516421774,0.3237975727426878,0.3484383226105411,0.36472241394436994
0.27655819139964205,0.2709021762343562,0.3352122474205979,0.3200348797925574,0.2573269704909591,0.4966861584534713,0.4730242684044468,0.40624922470693664,0.4219366170086166,0.5059211748153525,0.3218768785089886,0.26629824018571463,0.3814397139390359,0.32850848187010145,0.2606783107530938,0.31674680417723505,0.2943286813961946,0.3235425415255934,0.3313779961017182,0.3633933557253684
0.2924484809081127,0.28835532641810396,0.3501555880932027,0.33509030225375014,0.2921259348522357,0.5011540233860857,0.48253571001644735,0.4024198620501121,0.42980654986771405,0.4773794354783846,0.3248220049276479,0.2601602926499434,0.35863778918741096,0.3188299409006435,0.255644777120061,0.2937770223818547,0.27768531779306344,0.32584876468622237,0.29641722743680277,0.3683707785601445
0.30187850489295653,0.30297718646821953,0.3732828230314304,0.3646803813075547,0.3032432147255895,0.5081896475220697,0.49760717837121965,0.4082437125071087,0.43917120312383534,0.4842644066105873,0.32643761272950644,0.2562124730445858,0.4153485714581239,0.30582921159880033,0.26094455546736084,0.3243636464881212,0.26747235559655685,0.3109014556408739,0.3012000833260629,0.3508679280003348
0.3020197896961365,0.3191442656695654,0.3851665052079772,0.3143971584446844,0.3119569127523478,0.5043690345690217,0.4895727714519352,0.4120007953566416,0.43844697174144465,0.5072481544921553,0.28605063423373706,0.24995424100405908,0.34446496881294925,0.3082982227784579,0.2898909183380457,0.32650920583896226,0.26913446437868493,0.29913679050798664,0.29767594985598245,0.37404163573132554
0.33082738750644214,0.3357141250605412,0.40665162042869,0.38443009584489624,0.31986263661329195,0.5156783872707001,0.47095683591801984,0.41494015649966054,0.4281092649734846,0.48322487430097916,0.32783214114124454,0.24661475670053845,0.32842372561332467,0.29516842258425313,0.2693185647786012,0.30618541121376125,0.26540721411347734,0.2856380478996423,0.31661646023934514,0.32754961580263653
0.35679763904970085,0.35151551653309854,0.41826536389097774,0.3491582383691596,0.31254409864357097,0.5244131912005462,0.4921914524891443,0.423943849204429,0.4459155237632726,0.5129997511913827,0.29490725462893247,0.23836104981371348,0.2832865579239935,0.2877721860687038,0.2535061027730255,0.317975992909692,0.2783614912405285,0.2981050839954156,0.2961011700690483,0.34397583621075695
0.3943996600329634,0.36741810488700244,0.43364044052810474,0.4321287712989837,0.3643990194229711,0.512148066828301,0.49093538877640563,0.426459875397214,0.4312812536007378,0.5122198991566228,0.2851882331255332,0.23547857313694998,0.3445028475875265,0.28895497580401286,0.24232963532275978,0.29472840922468524,0.250250961665103,0.28097728919778264,0.29831521361649277,0.3394629809112784
0.4135619114922149,0.3829646864780255,0.45465616779736184,0.44026412913902063,0.3812076667411199,0.5257246976337687,0.49563627724373727,0.4320870206551405,0.4467454114793727,0.5109212450600776,0.26797507680057253,0.2280080800924391,0.37071772434363753,0.2744943313030511,0.28179557600689514,0.29146006874669095,0.2521882881781192,0.27895878214302045,0.28561212729027236,0.3338071001014043
0.3844855125744652,0.401308221139712,0.4784897309159228,0.431070062596466,0.3925111960133087,0.5035680736309454,0.4969760654836962,0.4319875704504852,0.46100168839472166,0.5154397632598768,0.2577807391320542,0.22403928869366516,0.30115357962793077,0.282078307903913,0.27002601536977705,0.27204084337012374,0.2365315501881403,0.27499018865497526,0.284441640633817,0.35410264343864284
0.4130321482681834,0.41807425950184646,0.4881533839010173,0.46950127431741656,0.4129160605313548,0.5141899486143291,0.5175683532851757,0.4375007524464962,0.47805512415947804,0.5237562739728767,0.2781688597753537,0.21999714930782702,0.23820041961975874,0.2718097328925957,0.27533059764258017,0.28960272396580866,0.2569099460455297,0.2795745201837712,0.28580641753799074,0.3041446049170789
0.43535556958205907,0.4368759477563635,0.5018254372204631,0.5019117328856033,0.4207937015713123,0.5357489844662513,0.5118638198139561,0.4359547019627198,0.438958595689197,0.5246474791331385,0.23079847421757282,0.21300244020778256,0.3561000461308915,0.2577570488134477,0.19588201690750723,0.2628561882839112,0.24456014361725084,0.27290442614722094,0.27894930562278286,0.3298440036328401
0.463454915498978,0.45277266687652595,0.5253035039917802,0.5247128025800285,0.4224958565318915,0.5256907157701802,0.5117897672773029,0.44871225732437514,0.4823087167547183,0.5286603646809941,0.27008824005616133,0.20755601327926754,0.3229764893370825,0.2563649971364641,0.24268754721291624,0.2994546228674809,0.22670096422388536,0.26709094131036465,0.2786297632895507,0.31990819243940327
0.4711725656984349,0.4712161463716368,0.5432877485493482,0.5253814085469324,0.4738585345635912,0.5559436611302498,0.5332540201970172,0.44881090235398813,0.47543414038392684,0.5345220746971349,0.23817203930939423,0.20148322119677403,0.3180666695506113,0.2551663684570383,0.2423649361945729,0.27544546744464143,0.21337897114156432,0.26958939686247446,0.2964644116022433,0.29804281808467603
0.529117988702742,0.48944634504237,0.5641935263019221,0.5433848243681849,0.4693763845090867,0.5227592729555802,0.5451078234190216,0.45083489082358075,0.48169794875136857,0.5300813604470663,0.2682379927795517,0.198207044883632,0.2536794890674984,0.2463942844670101,0.23981716598525857,0.2713317260222245,0.22220725185071283,0.24394862896860256,0.2476480052664406,0.2901838219602176
0.5225022922869371,0.5075799541966696,0.581829834589831,0.5769056884985975,0.4995015549949938,0.5340540847194766,0.5288784885846741,0.4514113496754005,0.48200935426759467,0.5439393542909563,0.2428805695519244,0.19180884762215544,0.3598183129663594,0.2392907297097214,0.22108602964387208,0.2759229821395413,0.21633084155349028,0.24115502593446406,0.23956522159560664,0.29712413378038594
0.466182902303711,0.5259185297180302,0.5932412139715357,0.606389504903535,0.530584103278406,0.5666797305105751,0.5225486361132842,0.4559977421991503,0.5032841692807143,0.5325913263101599,0.2337291614790721,0.18638724225859227,0.31939742136779997,0.23165530435477863,0.20458418909753287,0.27911867635350984,0.20864410695692773,0.24234712073206746,0.23910856248336934,0.2882127237332846
0.5600976703294495,0.5446876885113409,0.6150660545577548,0.557355908799514,0.5659575189579185,0.5559189239992323,0.524316733232309,0.45762605734192663,0.4920297171798072,0.5498767788007393,0.21557115364541268,0.17833631042812279,0.2581487868506573,0.23155403193570537,0.19315961770775894,0.259259407369173,0.20926583182649766,0.22692042809628665,0.20768291679084172,0.31053766910201114
0.5550999657090768,0.563069150115039,0.6394267035253344,0.634505519352312,0.5717231026801065,0.5608709851114116,0.5412196515545185,0.46272250415476024,0.49169383289478363,0.5576661524564295,0.22114842562420362,0.17404820100072763,0.28112891056044403,0.21755765745391595,0.19777558190647243,0.24026795460076328,0.20362397154328576,0.2215076088950476,0.25431485445402713,0.2753633444271624
0.5740363243426045,0.5824792329878862,0.6557378305454608,0.6430123796614116,0.5840964839104762,0.5650369696335433,0.5497190194870957,0.46957702239513305,0.49702573535480454,0.5652040101502225,0.23405251354322582,0.16748958641563935,0.25989726257899687,0.21848431581701136,0.17789977264454743,0.27120768582565535,0.1782477085631689,0.21956553034185933,0.21242858727463154,0.26806711022153284
0.6284815388801654,0.6014509526513073,0.679057398169175,0.6657937418211067,0.5918119411398837,0.5792366091068025,0.538544519002916,0.47442592375930737,0.4834816808576136,0.5611228791004118,0.21166289480911912,0.16242311288386313,0.27652970162423196,0.2151072491286189,0.19186778654241973,0.2401190929922186,0.18032513568663358,0.21191610825443724,0.21351383026699583,0.25804255184425945
0.6262097210893272,0.6211315679392095,0.6969379848676022,0.7342916937869036,0.6195484835068527,0.5646486903471319,0.5332207799236236,0.47182391175724947,0.5241739497452367,0.576281629678309,0.20779690912880847,0.15276091097384606,0.30285942029233826,0.21479167017091902,0.21010849289991865,0.248200268559501,0.1706474989144802,0.202896637588076,0.2178925581946815,0.25368452568661964
0.6570639527606258,0.6416141197234512,0.7150754287398464,0.6925569822043282,0.6298606485214111,0.5706769173371624,0.5556945918372517,0.47818549008906613,0.5078182418131695,0.5659713057718154,0.21776929040505283,0.15117984645288224,0.27438830135227155,0.1991207181585834,0.16045853425860654,0.2524026654607836,0.16699794293067116,0.19234051741416702,0.2107735121410934,0.2550414191280017
0.6757827438173754,0.6614983530151146,0.736061945952031,0.6872464070119232,0.6783803249892012,0.5658826609653135,0.5507787346045626,0.4832512558303294,0.49942057592972333,0.5707455953638179,0.17630206079220895,0.14455346499852798,0.2533538147403078,0.19483953829710116,0.12976248883169608,0.25257247307990904,0.16098458628369774,0.18752669969717525,0.2041729398150119,0.25364512317862065
0.6595227154324147,0.6811080889362134,0.7607577787133235,0.7120287752265618,0.6893172232049084,0.5911342860310255,0.5483437823088151,0.48611947217100554,0.5239427301335531,0.5691072013282017,0.18027701449906477,0.13645785439154648,0.268317110091933,0.1889323592058129,0.12459089717837932,0.21913271960030145,0.17520220957456378,0.17973866721282458,0.15366950380154526,0.24914360301184235
0.7062639340586412,0.7028202768959012,0.7813002585291463,0.7168159305021811,0.7112087803120531,0.5814243380333006,0.5657039173679728,0.49140301055039476,0.5423588979533362,0.5773180345282097,0.19451224767833034,0.13158377229278329,0.24972763000773127,0.17713085167185932,0.1443922628237606,0.20107766363705568,0.15524695462506913,0.1739051831214636,0.18928815417119502,0.2450985482511881
0.7132045860603473,0.7216348260670846,0.8008543330953384,0.8221042487308243,0.713807342674334,0.6029897780773716,0.5948125068037184,0.5006536113396788,0.5270944350071313,0.5883232454833095,0.17860809665209004,0.12365945770467132,0.22319393918020305,0.17893392077859732,0.1706042223268337,0.19458995279300856,0.1368037819362994,0.1651937512295174,0.17749678559855975,0.21000557266843087
0.7393790040607064,0.7429918579798184,0.8256558241956433,0.8568762614829026,0.7372748537952615,0.6055001375113446,0.5603553628088367,0.5027462530521469,0.5301070123304142,0.596622951884017,0.16150001059875146,0.1168806909989269,0.21175089055678695,0.15636889466028076,0.11704287014641676,0.21421906273670258,0.1387901695302764,0.17968050363553384,0.15444552631379913,0.27477683014480525
0.7602811235209816,0.7652902545692205,0.8441640562748548,0.8240665649905932,0.7508590199689235,0.596614810178229,0.5644274797574912,0.5074893526851166,0.5419666928222979,0.5919424436692653,0.1564337618224281,0.10925687489813404,0.23702771885536686,0.1706442050804311,0.10789570624124714,0.2087456688630561,0.1521683686069931,0.1599622490463617,0.17111086596682226,0.2261936538079498
0.7606275078359455,0.7871101159512596,0.8660133172704858,0.8882545235998067,0.808183293529359,0.5733516179100374,0.5958550362980667,0.512036659025882,0.5407866280624523,0.5994040694850052,0.1770031661465781,0.10104229968293353,0.23073563224836235,0.15486698211845829,0.14109868815774584,0.19648810468297678,0.13168507754321487,0.15262710683750313,0.15357425481702744,0.20742157664552865
0.8031057463833086,0.8072208153114404,0.8897660173996328,0.8418582014349146,0.808129738668257,0.6168979524998074,0.584526804235644,0.5105226463822672,0.533977509081686,0.5978376038991116,0.1676715173656264,0.0978532827627518,0.20837729019351317,0.15085370678777804,0.10408441308991254,0.20537399753342617,0.1191623953987943,0.1407082480098316,0.15938336675958029,0.22061297424001092
0.8426548114613477,0.8299473451790575,0.9150386561606857,0.8824057597661347,0.8348648117023513,0.6244920878056431,0.5843697877994576,0.516922807064845,0.5437426518006405,0.5964006197539903,0.1275094029851925,0.09268343259798101,0.21870296190616442,0.13944021056953718,0.13699814782302996,0.17773732740905324,0.1349183926458905,0.14486322363436518,0.16098286806272966,0.19769571538324457
0.8610236367395868,0.8523611679627289,0.9334375363871225,0.9196582841207896,0.8344259712162408,0.6462279518511813,0.600550086051624,0.5228803267388237,0.5803595779954466,0.6138129906351192,0.140009844378408,0.08381744406787353,0.16752542175282598,0.13950176553595034,0.11329609389310717,0.15714201416758689,0.0959092626058245,0.12801510435797836,0.1769830902496397,0.17566000229267237
0.8939542182816012,0.8739677082446067,0.9604093321781474,0.9841437411129512,0.8704721633233911,0.61890321325657,0.6015698622684067,0.525403983339201,0.5481377252692938,0.6018793806314536,0.14279355097874954,0.07729872586459438,0.18933266419247854,0.12203068852311527,0.10604472990799226,0.17017954347200956,0.11110700304747669,0.12437708800336576,0.13265108106215062,0.20736602937395932
0.9088840591152494,0.8978218350361221,0.9850314564025147,1.0113158349270335,0.8965301359988084,0.6410144270905288,0.588583107667854,0.5269297093736616,0.5685678387804364,0.6250153402089479,0.11595466290426355,0.06881733348831552,0.22977893279585215,0.11997076352905128,0.11599344620474611,0.1478240624150762,0.11608942477376717,0.12515218007634585,0.131157048397453,0.21487285854560473
0.9566426794870903,0.920501775033504,1.0106713064275792,0.9670039421221442,0.9225314932550042,0.6582005522522214,0.5943930707776345,0.5330701414112985,0.5627959534126014,0.6289292667972569,0.09594364804738773,0.06237259673673817,0.24566969669263944,0.10927426584017372,0.06650761330077898,0.19547307014797827,0.10150481449209256,0.10826164073622865,0.13129450749810334,0.20278528694036982
0.9224577198137645,0.9427359142350933,1.030063101733908,1.0187876484927516,0.947763453628863,0.6390685053526534,0.6004947039953095,0.5404713382060585,0.5588798944020061,0.6323436367011745,0.10604251145298325,0.05178051386988852,0.16025114793087825,0.10647998673677365,0.09141410067497208,0.15000841369001897,0.06367105994101815,0.09910851983867744,0.10093876963576562,0.1852589346616639
0.9785202467607994,0.9665830392374211,1.0595120248809062,1.0235699466876849,0.9783797284814697,0.6437692172676893,0.624917367798293,0.5416092576115404,0.5891340612611959,0.6368296272309518,0.09400246267605322,0.05180757353065028,0.13016802855393483,0.10187817119859661,0.10711661814652054,0.15325027077777215,0.08105406467144516,0.08948548896233968,0.09330719040454369,0.1715442980677218
1.017174884401355,0.9908303494517036,1.079075830232898,1.0535846922291525,0.9956108329930016,0.6262821544718956,0.624383622065924,0.5446063532590165,0.5752401858091172,0.6543083032335694,0.07540882537701141,0.04015392082061821,0.17502193163132132,0.09211384782904762,0.03686646128816315,0.11436630047384391,0.07318632575669579,0.07616540705561295,0.07211584530423511,0.17097063643748742
1.003936497054877,1.0140932930718085,1.1022367507827764,1.0976464605508633,1.0129061499395233,0.6673928369856619,0.6300036875662176,0.5477103296750055,0.6191717469048464,0.6468992018230505,0.0692605048454363,0.03409135580351774,0.15072789016336113,0.08585991493786749,0.041147847248673736,0.16233340038375618,0.06560337879997143,0.0804692771654571,0.10716404511917353,0.1528271263205858
1.0715259067520941,1.0375800839685383,1.129286321006676,1.127329545207256,1.0514257398937894,0.6769803603558976,0.6329311940031905,0.5569319073003468,0.603002296737527,0.648427203950495,0.089965442993188,0.026069002789300928,0.1758509388834737,0.07068524499653199,0.06103885256175689,0.12624213986576116,0.06482735933957243,0.07247973337261945,0.07876487854676249,0.1584758498335138
1.0565994196592456,1.0645106248750658,1.1510910953264208,1.107777220975274,1.0681424283691725,0.6680607002016277,0.6080905032084831,0.559253969671248,0.5914405030838487,0.6553098792258902,0.10775228949796022,0.019013521847129143,0.13048864753642878,0.06684716486975184,0.0722703580434564,0.14562564295015382,0.041169657668925184,0.0678393297366552,0.041699606451272436,0.1452469473995879
1.0667324404257525,1.087297379861848,1.1779020293762752,1.223841370888034,1.1071654406151257,0.6843535612362495,0.6254700031812889,0.5677653729718881,0.5967920653663931,0.6508736816520784,0.0689932908220036,0.009020457274995305,0.15483932412538762,0.06444690310301937,0.04290792003626166,0.09781976048796981,0.02927150469690718,0.051550426957295885,0.06261861108179764,0.1256921425685237
1.110736809312088,1.112804096068917,1.2054641906970722,1.1891943430706253,1.123635846062729,0.6818114057806978,0.6492365702101347,0.5725607508791767,0.6324121026162037,0.6670215419629475,0.0322388891553113,0.001305225623415546,0.10952910349779382,0.058229475227753076,0.021992992967862383,0.09521228056196467,0.046384520263350756,0.0421125399790147,0.046816312595294965,0.12407965986330712
1.1286808039827292,1.1376488229675705,1.2286729481795329,1.2363860036797778,1.1313692266178634,0.689546955703976,0.6473806627336868,0.5767723211769866,0.6073257426352284,0.6697924198003199,0.06222342964215874,-0.00278731321195102,0.1441381665273644,0.044660386664320824,0.03911530699856383,0.0846894529689112,0.01932591658914763,0.05241382779201015,0.050348796620931884,0.13832965649906392
1.146780293736928,1.1651602748153198,1.2585483927183196,1.21412730138222,1.1918134821571262,0.6922731403319518,0.6278404502246271,0.5771780336452265,0.6286340904459655,0.6820022926527769,0.06043205602073279,-0.013217279914572656,0.12167158558068716,0.042025266460868335,0.05720422945781516,0.08065022440414431,0.03101995714313971,0.037016433663196485,0.024721261154035744,0.09690626293114674
1.192962240041425,1.190535703698646,1.2828037031741053,1.2460750650346835,1.2119049028872588,0.7262534723455993,0.639629933876274,0.5879610689265737,0.6297561232961199,0.676060575965769,-9.633417286335905e-06,-0.022742197664953622,0.11611789755160848,0.02626748056745966,0.04486320388368425,0.09116044343558782,0.009906219153462605,0.0334975907281466,0.024844379654371168,0.1023514138395984
1.243730340493139,1.216872546181113,1.3096299396957825,1.2489071928913715,1.2408414012021758,0.7094247551628053,0.6683324634679421,0.5934868724336644,0.6242855888484085,0.6914979429897308,0.02482351730845935,-0.02724920155365754,0.13087572734267328,0.02325526002862803,-0.003615266997536718,0.07712334700055841,0.0026377842962874965,0.010274980416724398,0.03357373792028117,0.08232082048161868
1.261123429298001,1.243566940366767,1.3421467719211095,1.3423724521464615,1.2262748761070934,0.7083367591205654,0.6661414520132366,0.5962682932506115,0.6455857803704964,0.6902964269726345,0.0060880961507186575,-0.039972220932817354,0.08956716372503729,0.009709580803853014,0.0090114878649423,0.05732039685638343,-0.009448207177239449,0.005494189018021867,-0.005171203384008893,0.08452500773427207
1.2804052532138632,1.2697393140758144,1.3661756981957982,1.3570733099782175,1.2722409615552996,0.7164114549869051,0.6686320193181106,0.6035085187149412,0.6409308189423629,0.6990067951002742,0.020911825175349962,-0.044648473387082104,0.1154949675724622,0.007944903185687316,-0.012447182742108688,0.0867150279820098,-0.0020779836706439504,-0.01276403734860583,-0.0203509465788316,0.10190820366499512
1.2741247342834818,1.2954883830150212,1.3924917077139085,1.4179729050203036,1.2963762417106652,0.707076565473199,0.6917496822182145,0.6107610713429666,0.6479022299105359,0.7092959428197246,-0.01607401243815411,-0.05555470296328453,0.11411551609042478,-0.003343152309721489,0.005141645407370658,0.07346838747613404,-0.018123520319769673,-0.02817958915478949,0.011185277943018185,0.07566084188553539
1.3293217147400378,1.3242964183525257,1.424959553514276,1.4178572370273654,1.3544600418547283,0.7453155164143436,0.6565364078441218,0.6165182251810674,0.6571146368325589,0.702350554503702,0.00266056764543815,-0.06150715864144109,0.08049689672342603,-0.009103521928946343,-0.04794047513148971,0.0582149273172,-0.031954080153078476,-0.030570217815096126,-0.021952178167672323,0.10081037332050052
1.3656590571208285,1.3508523974471973,1.4538706288291143,1.4740620717549202,1.3557431796803472,0.7576945705660245,0.669143823780341,0.6188326778580764,0.6731355884053449,0.7230618150413548,-0.0172983194436945,-0.07336266741475987,0.10240297365500013,-0.027711856182799387,-0.04771277612745451,0.032186576074131217,-0.06034163681815796,-0.021533909382639986,-0.033691481030730795,0.07630823179957742
1.3646955020598237,1.3793589592808573,1.4845307240176198,1.4741033182445036,1.4151934539386977,0.7458271297497353,0.6884115994745811,0.6299176269148029,0.6684461208852894,0.7346952918957337,-0.02821169029573361,-0.07985358812055397,0.011134817398594204,-0.03326205147203616,-0.07631626742879166,0.02823054774947433,-0.055152789474097276,-0.044293102691116,-0.024537705739607,0.03727781854453331
1.4034814653599503,1.4059123412071306,1.5045293201793197,1.5327397202490574,1.418991662671998,0.7674937953267594,0.6945988045028663,0.6372362070013495,0.6517185143451889,0.7091790134573744,-0.024043682527606244,-0.08935867554862181,0.044086035224962086,-0.0334487513128931,-0.12094398729456708,0.03507803523013444,-0.05867912612222074,-0.05250139662054683,-0.038460195977851566,0.029212248178958507
1.4130102800151616,1.4357268961840473,1.5377444215105296,1.5600371205947583,1.4304862315710518,0.7373753692515108,0.7142698846205539,0.6376029022556184,0.6794185030955657,0.7289459059761253,-0.06063501185580438,-0.09728109992456882,0.06481025123933348,-0.048443124486132444,-0.07637684110968877,0.024845801337266497,-0.06574352229741351,-0.05618364243459538,-0.02445073049039054,0.05030478029400432
1.4981583869851272,1.4642816478883007,1.5715224810725796,1.584855602195783,1.4864606897362644,0.7999230947819806,0.7121496146006864,0.6431120871772377,0.6901016366775927,0.742504394662238,-0.05237792243012352,-0.11275562767565019,0.05190274345386286,-0.05966628292513424,-0.08267701331548323,0.028573993217615435,-0.06111974472983125,-0.06637785773496703,-0.07790654242401031,0.014876007871501177
1.5155557101027581,1.4931623556154427,1.5972855624094249,1.6058436290637805,1.5232698943299172,0.7657358531101861,0.7338628870591245,0.6526611221125302,0.696259849653096,0.7478006557277871,-0.07349012457662503,-0.11748100593077913,0.0688886076626648,-0.06590634635607015,-0.11050034727501612,-0.0018701607516180118,-0.10070473375775763,-0.08435119941603135,-0.09376226449788244,0.0016269881626260127
1.538483692558398,1.5238298201804097,1.6256152421575931,1.615217220017655,1.5300261264337558,0.7968158443449759,0.7097924683219234,0.6548139310099433,0.6907302259811905,0.7569725398595094,-0.07622228055165702,-0.12879006632912793,0.0021089450489395964,-0.06829858646196409,-0.10812379269961206,-0.01715603544662824,-0.07848004410508648,-0.08764812671048329,-0.05627760222449762,0.009607868946167464
1.5588847261928798,1.5522084870846948,1.6661859701166752,1.677189080706531,1.5901907821127061,0.7890514454717277,0.7369204270313575,0.6659584861649388,0.6978868072523166,0.7703271567965324,-0.1207269090374241,-0.13735186895744225,0.01715932030125222,-0.09560809313056685,-0.09871227974311103,-0.015169667849633951,-0.09275445232892206,-0.09618966215063054,-0.09715610005790201,-8.787002526194378e-05
1.5692471818010416,1.5813884342543076,1.688781070851155,1.7167269496504425,1.590434576732027,0.8260390560204253,0.7463790296479755,0.6688565085625212,0.7414327529205882,0.7809031210737111,-0.11138438960764448,-0.1473437657233131,0.007350110891892175,-0.09478465764731545,-0.1088555746150405,-0.019843766199298292,-0.09235107600031019,-0.10727367894945603,-0.1187807155743522,-0.020020010430811874
1.5993565540589627,1.6127229419410296,1.7233310792596948,1.752960857518383,1.6423373542419017,0.8132817825060568,0.741834478037844,0.6732367464145581,0.7053857429774689,0.7827351853525356,-0.09479032872167233,-0.15818400893931406,0.016322510834269294,-0.11026123913778013,-0.1071262150170204,-0.013499907692644338,-0.13104984812242645,-0.11822840124092554,-0.11910904848600029,-0.020284165003429066
1.650650959244581,1.6435362117404382,1.75856284496153,1.7422297150272419,1.6795247655919527,0.8266275283320288,0.7664629966219328,0.6866620118152046,0.757257587042156,0.7958785439610424,-0.0964498507340183,-0.17201830058279546,0.04607853174533746,-0.1208012946173359,-0.10405360112816488,-0.03686180985929889,-0.11527613773469256,-0.13014184028604098,-0.11839332576401741,-0.014045617019561899
1.6512357342504775,1.673120581954308,1.7876264208355337,1.7881194621796042,1.7038372439847131,0.8287396439257017,0.7597272716236239,0.6901902033771632,0.7170615841571726,0.8044070246834855,-0.1407045347639801,-0.17737130735197176,-0.013067619588698095,-0.12508160923764367,-0.10821443080436727,-0.04444601096066208,-0.144128204566008,-0.1386538068831706,-0.13123769935121113,-0.01829371936395816
1.7078497090780254,1.7034428107292812,1.8168251804436295,1.8497702455253602,1.7279805980993317,0.8046392940686675,0.8012111033205949,0.6967029851531322,0.7589402844823617,0.8087825348949067,-0.13050797914106382,-0.1875234302771255,-0.06711439420976151,-0.1357491689477002,-0.1774689884124333,-0.027968286546627037,-0.1487726890078555,-0.15024624058405506,-0.14303516514927087,-0.030083442668255505
1.737629686480911,1.737482130179843,1.8516875249369065,1.8945048557145354,1.7553248842780846,0.8451476138991921,0.7764339733008278,0.7047224287988841,0.7545934283276602,0.821295253849702,-0.14864558641744766,-0.20180207939329003,0.007462124404731426,-0.1503238288035299,-0.18653008275931843,-0.08529443272420327,-0.14836831324571728,-0.16590390307919609,-0.13804281074377206,-0.05799139398680319
1.7644664754676331,1.7682473474791178,1.8795574394869772,1.9274225485579446,1.7914566246804973,0.8397421746200292,0.7599846335837113,0.710056827960803,0.7520702503751151,0.8188560754607674,-0.18954651773678735,-0.20835292291885624,-0.0696407440321429,-0.16311312634778208,-0.12940910802318306,-0.06437669380867798,-0.1684155362276248,-0.16532744712246655,-0.16157752222407623,-0.060987892719902216
1.779678657010011,1.7999627969535739,1.9114558019466759,1.930141658610285,1.8232748235936072,0.8834059735897024,0.7802072057377566,0.723847973629402,0.763308445788172,0.8347219993099795,-0.18477569703598673,-0.21800347931712374,-0.04638640504580602,-0.1590141733508303,-0.2262716707084844,-0.09952948038650763,-0.17969610658119403,-0.17710903622764046,-0.17083084346649563,-0.05951287002453154
1.823216901879645,1.8324695060222065,1.953941347867615,2.004760999393155,1.8446783703234333,0.8716688616201238,0.7804995334791408,0.7278007744487174,0.8018531649897361,0.8188803122714713,-0.1888126899566989,-0.2318628886881566,-0.013515891815734898,-0.1836185362672855,-0.19590606218190632,-0.06556984540826011,-0.20140027341414002,-0.20089597418372304,-0.19018133194710207,-0.09429951516603638
1.8821011180575218,1.865685474348401,1.9783520469799203,2.0068089504719713,1.896167175493513,0.8614124215547124,0.7734211872026806,0.7413270703272579,0.809720972661777,0.8392152686168329,-0.21473187262646107,-0.2433480811457445,-0.0367492285437223,-0.18695362259839232,-0.23090469471609343,-0.10702723812033638,-0.1883350844740257,-0.19706845528667696,-0.1837783971187258,-0.10545966812210492
1.9252521406770182,1.899445146398869,2.0229575438012675,2.070548648807755,1.9225430902971168,0.8676714521040703,0.8255575778887406,0.739160979709762,0.7920274258326866,0.8530468635483709,-0.20799714835009325,-0.25466226187870705,-0.08141491550893021,-0.2093538072692303,-0.21842712909148806,-0.10428533150258981,-0.21309484901211345,-0.2263144584698023,-0.225270876497177,-0.10063413061581547
1.9322644296619025,1.9318323880719386,2.0492538734994517,2.0867335491863974,1.9669745746096574,0.8851018218364187,0.8203256740596546,0.7511922301696108,0.81847659579493,0.8608960607590199,-0.1906424438263805,-0.26600590252398415,-0.08935466991227443,-0.2247829667841341,-0.2617972044715136,-0.14393421418324354,-0.23662825448021638,-0.2302397844235212,-0.20522706996271456,-0.09363075784518085
1.9676606202856144,1.9656896713411274,2.091323487457417,2.085791463182558,1.983441628676695,0.9099733468888462,0.8245201941651865,0.7605834563635291,0.8062487244026351,0.8694354020414016,-0.2374953035310826,-0.277429472418633,-0.08995261485985748,-0.22879602014067119,-0.21652031616605133,-0.13069566192645665,-0.2356919425921811,-0.2386612575690944,-0.2313746680958811,-0.1394041510376051
2.0224511871026443,2.0008203792196126,2.1156771250589252,2.093926376594161,2.0601572662017973,0.922323505797941,0.8202987228084488,0.763271831359586,0.8331473643849957,0.8746578176188811,-0.2439981581880073,-0.28892881669721443,-0.05985472028498655,-0.23383269578141905,-0.2244211820555598,-0.13031250178636614,-0.23820014127046818,-0.2500559178117045,-0.2463578911831078,-0.133478923009562
2.0259317414194817,2.032967182570264,2.1503895213520616,2.137805273136871,2.060831293137439,0.9046659471533692,0.8328171680019424,0.7702079548725411,0.8202610506031627,0.8924866963473651,-0.26434523862595133,-0.2993010090158317,-0.1183257074417414,-0.2566358093199413,-0.30301312598028785,-0.13849139347481584,-0.25913023917441264,-0.2593842137395571,-0.26587686317167225,-0.14233478196311708
2.04880690489755,2.067434260250069,2.198114812719526,2.2147494948429043,2.1116620556197256,0.9324142129147243,0.8319252301711226,0.7847022593730283,0.8583797080081178,0.8884358075390709,-0.24861870737360184,-0.30748627219629204,-0.10489480308141538,-0.27100268191792265,-0.25216930283826544,-0.15259562556288886,-0.25248824213884535,-0.2710738714851659,-0.2500886406844297,-0.14676018323913986
2.08348153651798,2.1022959937838652,2.229103850610251,2.252301022260869,2.1296048121585196,0.9321521147838443,0.848620595865453,0.7913957367561538,0.8546817604286338,0.8968810740279807,-0.2679291475740102,-0.3227498993805828,-0.08907086221241059,-0.2828308897279083,-0.27707580591773406,-0.10731526163920392,-0.29540230037445697,-0.2776910721745469,-0.2705419300234452,-0.16891137628826366
2.1043628566193364,2.1375911840869835,2.265601416123344,2.3215354309939102,2.150118376741374,0.9403606569330641,0.8549753167151509,0.7941175980557774,0.8672677100093306,0.9083596544274667,-0.28146686507331564,-0.3332542687723744,-0.18396664694112652,-0.2889515903260663,-0.30046867583154685,-0.17326087200114215,-0.2847831225011603,-0.3020660805516656,-0.2983990840143971,-0.17523429477711772
2.1941438536588107,2.172571331309372,2.299660679572563,2.387247723946009,2.193839496643112,0.9703823848797288,0.8497310907511011,0.8082321225961805,0.8592660968960879,0.9104243740210505,-0.3195711093520654,-0.3496946365885562,-0.1468449895611425,-0.29763156864524437,-0.30938077081032267,-0.19923359708119925,-0.31863898889119197,-0.31209787231700487,-0.3068111215128347,-0.2066784327095715
2.203124307900909,2.208728838890361,2.3395689924583016,2.3347041622383053,2.235644157504613,0.9572790141195596,0.8781616070857313,0.8186650650637863,0.8659219494456163,0.9269865786907467,-0.31990553679374134,-0.36022596051623534,-0.21289317428924323,-0.3149429433081948,-0.33273921715435273,-0.19368614166030867,-0.31620998347835916,-0.3227696322467396,-0.3389337928221255,-0.20010339508414107
2.250980421470024,2.246856454738105,2.3800341133955083,2.400304086131951,2.2936661454542104,0.9927990302442216,0.887556794640028,0.8238817554520351,0.9002269895820528,0.932676130547563,-0.3471644286969308,-0.3739443958037176,-0.15003245642500304,-0.3247535556465284,-0.30533065176330904,-0.23339818517773295,-0.3309630931196359,-0.341175563097978,-0.332950218484911,-0.1957241874934853
2.265698403927499,2.2819196495694896,2.413363947824095,2.437512579230475,2.3009620685284653,0.9994488701443478,0.8856380450020996,0.8299226082282729,0.8789956548295186,0.9382748674356991,-0.3432458262118441,-0.38526679767226574,-0.13059569572208335,-0.33993929586771493,-0.3341231395485943,-0.22352514995396244,-0.3562868978167589,-0.353478539396859,-0.3600361435574627,-0.2405410637873673
2.3094790880639877,2.3188557633945006,2.452948788269157,2.491392875375458,2.3480412248235827,1.0022087661557757,0.9098974191745913,0.8445394656510834,0.9229932234957829,0.9584428964977005,-0.3897067032779857,-0.4014457316338297,-0.1691326562530911,-0.34964236458326564,-0.3502105817440629,-0.21892300226353462,-0.3473497771030301,-0.3796537511272893,-0.3834354597696838,-0.25350329403801153
2.3370063807634796,2.3576609963116417,2.493320303347879,2.4899942495657164,2.3843842807179527,1.021417898234235,0.928716411147049,0.8553744722387588,0.9135297540873223,0.9493598742992837,-0.39813636709058187,-0.4119651452541138,-0.20204956127434262,-0.3677030222926092,-0.37888628050285394,-0.24655157856118934,-0.3955876483658927,-0.39045394477259304,-0.385708350876514,-0.2605573168555492
2.3729999606317995,2.393995406932365,2.529915897337603,2.5450106241409944,2.425666399821895,1.013264822106751,0.9265635215401788,0.8684680946647048,0.9101737367498686,0.975560461463294,-0.375320638237128,-0.43004105992838165,-0.2560604427447434,-0.3808132255859068,-0.417426788190023,-0.24602066543741408,-0.38624036736897627,-0.39672330274141787,-0.403800725097078,-0.2636242953044395
2.4521202053481725,2.4332231503064716,2.5676708319298647,2.6120644377957065,2.4587440099453914,1.0330893683360143,0.9192024043545161,0.8732257656089201,0.9467767380723042,0.9892719758753067,-0.41898948649583234,-0.4401205806581444,-0.19258915056112913,-0.3960495899368564,-0.40953764427759154,-0.2742844239746601,-0.40645392598778385,-0.4147080571789517,-0.3905771606315471,-0.27322845829016895
2.449520116306683,2.470702657853005,2.6089408582280083,2.5838373038761397,2.502388264520811,1.0129183918204594,0.9278473998026372,0.8832371215391461,0.9628068074022643,0.9988115480977074,-0.42520601504774486,-0.4570048983580695,-0.2501762406385993,-0.4001818921956414,-0.4341891132733506,-0.30058826846826925,-0.41956560642144664,-0.4135878141892248,-0.4129405174974407,-0.2991052148381092
2.519036532182789,2.510841279554777,2.6484414287933413,2.651352629410299,2.518749255796528,1.032476714372116,0.9586106783399944,0.8897624368786106,0.9422280852266066,1.005684949543023,-0.4526441901775321,-0.46872085808288755,-0.2212600477349175,-0.41877011341877896,-0.45075835861202795,-0.2980143899556636,-0.40837733673574295,-0.4346919652973308,-0.4042525128853477,-0.2853947947890068
2.5475010073975874,2.5493444511870065,2.68210588423514,2.7483009470209825,2.593809389971506,1.045827818103277,0.9438932511210327,0.9029516043725825,0.9449229626795481,1.0179605807073697,-0.4481974954071948,-0.48258895673463914,-0.26354030670987194,-0.4356172962760083,-0.44939721634466295,-0.3382243308201623,-0.4257389101121741,-0.4680312945348205,-0.45266396490557975,-0.3431864664938231
2.598238597312126,2.58748384672403,2.7220566408879354,2.771734394456231,2.6023903194012767,1.0942349950890948,0.9655117470815389,0.908830444139406,0.9806810556751122,1.0330306332624246,-0.4548135992352646,-0.4998051747156472,-0.2789052847827336,-0.45373349578269234,-0.4857490629963061,-0.3237868639953743,-0.4612177353482816,-0.47553789055109186,-0.45444166317691453,-0.33960003741750167
2.6305229765394116,2.6279497004060453,2.765681286490598,2.780837424235594,2.6583638697756933,1.0820104218602775,0.9716492286607461,0.9188025524694929,1.003182422925983,1.0378600259093411,-0.48052392502328695,-0.5109945028512101,-0.31163990832536576,-0.46956177658833587,-0.4689341107315253,-0.3298135981532613,-0.4688378403109013,-0.4943192282613908,-0.482351362757497,-0.343609975518645
2.653219967395353,2.6701062790253918,2.813015720607097,2.83776712983584,2.6906844939589742,1.0961931959970521,0.9918420486479317,0.932334849889492,1.0021485232158875,1.0606350837306446,-0.49392337715415197,-0.5270244387887666,-0.31930297882796427,-0.48166203914559896,-0.4751669633074987,-0.36230012455407284,-0.4831937757170477,-0.5068055372942397,-0.47449381571443794,-0.34282292534654607
2.6923840212756103,2.708709630898559,2.855152207708691,2.884638342962999,2.7368607996095267,1.0957851038968447,0.9947937537150836,0.9425950996419262,1.0162915867732418,1.0591040505377243,-0.5198766971999368,-0.5417688675004517,-0.3069735778011357,-0.4919420386953014,-0.48378062034141084,-0.36145090917484246,-0.4893016787281814,-0.5184983430222103,-0.5115629532277601,-0.37246353922082104
2.766686719025785,2.7492796685188234,2.891940592687007,2.952795397728934,2.799304996014124,1.1088375463054911,1.0284432118396416,0.9584304999359182,1.0254874691291274,1.0761048886150935,-0.5061139013183295,-0.5576372891997343,-0.32221164505194955,-0.5051752895324207,-0.5534740719107204,-0.3827766719020373,-0.5160062686037936,-0.52281735678718,-0.5001325505091377,-0.38412676284274105
2.776700026638143,2.7909889155678105,2.9372461070960196,2.9872738667240544,2.8152126779530975,1.143142439267968,1.0204154765091435,0.9656193480130425,1.033737381257483,1.0802142456824986,-0.5399483635593418,-0.571273629471782,-0.36066153785154415,-0.5307254791413846,-0.5152045459455362,-0.3671592870541965,-0.5188414410848601,-0.5424517617602703,-0.5241509157766814,-0.38961130902536467
2.8508484743709057,2.831718603638395,2.9814043315408862,3.033049073874917,2.8710621702789494,1.14995397667168,1.0425921403171992,0.9756058765283008,1.0502870577469279,1.095571372022074,-0.5433516577422608,-0.5892273593124955,-0.3728902783616622,-0.5391229131104666,-0.5444138963516404,-0.4455064640400198,-0.5398157909702059,-0.5603331413932089,-0.5427756905253728,-0.4436156445119989
2.8532997577381876,2.8734699398055707,3.0211176358137597,3.0718492640406714,2.9255842091352604,1.1775232109127145,1.0506044867445792,0.9897027677778063,1.0616791167202266,1.1166092398236656,-0.5483922793047126,-0.5994231743807882,-0.3380272870259339,-0.554653784969259,-0.5389053978123977,-0.4121250905301576,-0.5448365801930556,-0.587850635655537,-0.5702932340313459,-0.422682750894546
2.912051436927094,2.9158733603372586,3.0662330230044903,3.048260104556326,2.950435347318135,1.1493943682031762,1.0756982102374955,1.0019101269458675,1.075970911308532,1.1255709975275647,-0.6227097077371265,-0.6190100823524776,-0.39834528745201725,-0.5657785495926737,-0.6278820623973661,-0.43923534603587333,-0.5751530913514374,-0.6072414706831776,-0.5734725803646008,-0.46715299475793354
2.95181482940189,2.9590692678978225,3.113856846888602,3.1477358626830774,2.982398777420198,1.1771622727792423,1.063014084096116,1.0146940738921701,1.0587695648698614,1.1226683698097903,-0.6171220959910282,-0.6381241151446068,-0.3767279817079638,-0.5901178891561183,-0.604752851021725,-0.4259699739211157,-0.5934071715053075,-0.6143333922640706,-0.5881378891213516,-0.4441157888703891
3.011276689098459,3.0017022603268098,3.155515862322448,3.169001903948656,3.041813345078245,1.1972038689544524,1.0717102759607233,1.026521296693691,1.1030392656319887,1.1517795133522957,-0.6167310191325831,-0.6522091908449731,-0.39028801135124475,-0.6042593358331699,-0.6244940397094201,-0.42811471329493467,-0.6006013427504632,-0.6247680388452399,-0.6267495687763767,-0.47528904301524655
3.0421391989407947,3.0463144220894667,3.2037417072870586,3.288992980771441,3.0877556575839002,1.1969310299434828,1.0902809052193605,1.0379528862974279,1.1029240626405348,1.1583187837781221,-0.6379842769226988,-0.6654603269068955,-0.43074927941102403,-0.6266690668276,-0.6488148258518874,-0.45099612099051983,-0.6368270670659848,-0.644404010678543,-0.643560458726415,-0.5023874160716123
3.0817380645180528,3.0886062970050054,3.2380107654548644,3.28573894391608,3.1350282017318407,1.217764813891008,1.1100547467022848,1.0442219893888804,1.096001253073114,1.168048607029984,-0.6839913593667715,-0.6882485728107808,-0.43979884922814794,-0.6379117287320425,-0.6695447524634652,-0.4729037841769576,-0.6360875332594882,-0.6724456686626085,-0.6394799163038596,-0.4918673095512529
3.1349990299471533,3.131729336279545,3.291371758776974,3.326985631672132,3.18319785656006,1.2504460099858692,1.1215116605265087,1.0638203231649161,1.1766433941697994,1.180065791783005,-0.6793571828247371,-0.7027440496517883,-0.47060888691923886,-0.6582450546067599,-0.6920464524426951,-0.5190739580299721,-0.6450522534112001,-0.6765516233180551,-0.666640548033148,-0.5224286324312624
3.195687891883283,3.17869400017011,3.3378835763196717,3.3276628085025393,3.2308299971962735,1.2687578555137107,1.134546663747894,1.073986306838715,1.1438825984269618,1.2012214965859627,-0.7082980902052227,-0.7230676425967864,-0.4820651568755436,-0.677387826875871,-0.6601351232048237,-0.5159462675836503,-0.653436142838883,-0.6987685220223614,-0.6725486919634083,-0.5520303491866096
3.198650363852164,3.2224919725508694,3.380829724557962,3.425777609278738,3.2714957849818584,1.257995476460217,1.152197996481178,1.0826233809537786,1.1799846875846103,1.2064281338756562,-0.7431639534117548,-0.7377649912917547,-0.41361062443093527,-0.6952615806278947,-0.709750825061411,-0.5483008402237798,-0.687547055923517,-0.7118608484626618,-0.6799437819104653,-0.5526338649481323
3.2733675874771992,3.268955025123884,3.433917844859797,3.472016624545542,3.312867066520517,1.2953658476125074,1.1431087406125284,1.0960207906309716,1.190995166333702,1.240375322754855,-0.7096045182794889,-0.7554860379216424,-0.486810054294657,-0.7141309411003431,-0.7007779221588161,-0.5491977600025006,-0.7022677123939861,-0.7269364789662616,-0.710569028707664,-0.5675074205581812
3.3156869545506513,3.314886693729274,3.4746247845073404,3.4882897873264134,3.3576678769678496,1.2911544749895285,1.1796581736202074,1.1147812125716547,1.1855831391480016,1.2349390977463,-0.7567630036042138,-0.773629457768608,-0.49396514524550444,-0.7268811307790652,-0.7654035702178147,-0.5485571602985833,-0.715047580546332,-0.7505527257003273,-0.7200377250103414,-0.5722786601751289
3.3597539476264675,3.3606739290236947,3.528266931859718,3.576851702638747,3.4223761093294485,1.3264527309741223,1.172237237716355,1.1294227254773201,1.2115895748639425,1.2270049930777487,-0.721591864792554,-0.7897841880466789,-0.4733683740964287,-0.7428637217322535,-0.7772719000778108,-0.5777874186355748,-0.735613339048394,-0.773473607803832,-0.7514538402869936,-0.5803695603083573
3.400057746851738,3.407078230525753,3.5706886409631586,3.6416467652138484,3.457946069198328,1.3414344521104842,1.1805770182191084,1.1381875123822784,1.233369932877445,1.2744984037589862,-0.7652841979427183,-0.8088910823746552,-0.5317937024049904,-0.7697338940110281,-0.8203983326404324,-0.5788232548984791,-0.7597932273943697,-0.7981254824833648,-0.7623985944748435,-0.6118887456527563
3.4207086636991324,3.45409868960398,3.6188410488843377,3.657471209496728,3.492215329807884,1.317289584864096,1.1997535661860979,1.1513778230663654,1.2325731013505175,1.2712169531611193,-0.8146403077085947,-0.8260227526124193,-0.589929869673818,-0.7919474314159748,-0.7648791590923688,-0.6448801725677467,-0.7671107206331429,-0.8213860308492817,-0.7960239381814941,-0.6530397267602409
3.478979214235909,3.5005862979156723,3.6666407262053187,3.732941408244995,3.5771715335691066,1.3602552443847118,1.239810806555076,1.1668972066894263,1.260326266100778,1.2953740742581181,-0.8245750329950247,-0.8463480864699111,-0.6275617268864471,-0.8017165589346228,-0.7939729619378858,-0.6155038355426009,-0.7913663275135544,-0.8311601216943072,-0.8167402868661701,-0.6685230685488504
3.540225831661195,3.5478313053968296,3.712429697179996,3.774256430408035,3.614398815958689,1.3683583463495526,1.2320968634751912,1.182711924289619,1.268135192390022,1.3089829301006188,-0.8568159045654453,-0.8653973470439852,-0.5905275711026451,-0.8110416693729564,-0.799229612394297,-0.6293170036171868,-0.7920743729526509,-0.8435332179431884,-0.8087911430170556,-0.6895666123673657
3.6190712404679473,3.5973685632642955,3.7660835224378566,3.8183510707385167,3.6619775143078708,1.3971082281843559,1.2313004458142232,1.2013051779896367,1.29450308903627,1.3086843777254504,-0.8598678444373906,-0.883734421200839,-0.5762625205802333,-0.8402704932074117,-0.8243659768429235,-0.6489123611040923,-0.8316934437025644,-0.8660733930642648,-0.8464009285922011,-0.6672801970700604
3.6413824837359385,3.645637710977626,3.8175474445151942,3.8822295978051047,3.724519330164804,1.4054287104005831,1.2698046909992702,1.2106517514858197,1.3286826119137851,1.339819053071064,-0.8615870032291804,-0.903615976678392,-0.6041507700750797,-0.8560536810974648,-0.8741705691469066,-0.6720820808056244,-0.849375966155988,-0.8888954369161054,-0.8701022643849556,-0.6936274750458011
3.681950715167473,3.69372293344014,3.8635266503076044,3.941941770079015,3.753048221883597,1.414106806266705,1.276350177357163,1.2289377320466022,1.3196877140685819,1.357154757214242,-0.9086654676740974,-0.9243330290122728,-0.622287265267108,-0.8710669223117646,-0.8673854589048969,-0.7143644200591298,-0.8770745549936562,-0.896157926602453,-0.8950725155469751,-0.7298149248005266
3.730406153413238,3.7439260392142373,3.914717346840568,3.9834286711610116,3.808508700630589,1.4420781518383234,1.2921318066432839,1.2400790081654018,1.3527226344933356,1.3667065839660968,-0.9362679061023043,-0.9442211703795625,-0.6707405204726367,-0.8973621730664842,-0.9296431549407108,-0.7427046232060243,-0.8753660018191367,-0.9183260270260905,-0.8989590576137911,-0.7663439157970375
3.788295430522822,3.792494434990148,3.962995152617816,4.026799910238847,3.8522315402215863,1.452992285094477,1.3064332367864384,1.2558222523212181,1.347538535555338,1.3860488842296115,-0.9441586185639068,-0.9611313447045771,-0.7315696270323383,-0.9128836523314557,-0.9351019151606804,-0.7142130510664231,-0.8873716360108769,-0.9393987304436716,-0.9293796674946034,-0.752525188033305
3.8411632490780265,3.8435394087939363,4.016428450560461,4.05653901567942,3.8999506464167366,1.4845403180642756,1.3471976247228232,1.2641873653482851,1.3391421110093262,1.3905090255963553,-0.9559551241534876,-0.9830738553055318,-0.6765169714322299,-0.9384688564286124,-0.9623142317854945,-0.7364869481660712,-0.9174794520046222,-0.9636883742561849,-0.9234902004618275,-0.7744346239627894
3.873385667489339,3.892632771374082,4.075783451639698,4.128456914986572,3.9538544332916192,1.4916279248335793,1.312037237858137,1.285415805311178,1.382512890785466,1.4189353076200892,-0.9793512965925256,-1.0066134198692132,-0.6773406774868049,-0.9592976364095179,-0.9842230750905657,-0.7893396171679627,-0.9534826678568447,-0.9902260527097617,-0.9788124590270278,-0.7956947901901447
3.931413939695382,3.9443201784052087,4.1302505355101085,4.202749872108218,3.9866924629241405,1.5296469571808815,1.33644773902165,1.3052003372675423,1.4172992804294946,1.4102459688223528,-1.0194656045959418,-1.0232874985969715,-0.741345103076737,-0.9826624488003601,-0.973473446211055,-0.7684545913551951,-0.9662722406371156,-1.0093683461171148,-1.0005522685834447,-0.8144338936001791
3.981225990954906,3.995824281490247,4.177019285210994,4.206351647039857,4.041577746308051,1.537006364003537,1.3784907571728995,1.325182140568314,1.4101630625996555,1.447615090062252,-1.0366911007268949,-1.0451969592433257,-0.7968547473671455,-1.00027760271508,-1.0275548795890304,-0.8104707491720573,-0.9686127579716389,-1.0348146084289171,-1.0074441638733713,-0.840923271629097
4.0370686779344345,4.0462311802963145,4.23573097972591,4.271583520953905,4.128278402144517,1.5129338823693574,1.3879071366717655,1.3334553111010312,1.4365821955926257,1.4809939940777876,-1.0279977676489227,-1.0670210980426897,-0.7793896594885629,-1.0224745625572425,-1.0290650493795583,-0.8059936380322809,-1.008502337406166,-1.0472406040681774,-1.0318223337480932,-0.8719378937710264
4.106356791656131,4.098972505812091,4.283131269552748,4.3536543637038045,4.164679326310405,1.5600064334721397,1.406032242745048,1.3527794543167915,1.4591271194833444,1.493961646759747,-1.0633196917348489,-1.0869076965607638,-0.7381349666222754,-1.0505659273651164,-1.0614495810136515,-0.856359879754783,-1.0436841750687713,-1.0649920869440346,-1.0746711914830334,-0.8815005620088469
4.133538153584408,4.152446047001451,4.334348626741448,4.414541403728644,4.199863891177867,1.5959874212661702,1.4286370753779352,1.3675460145635407,1.465923742304265,1.5053762027398705,-1.0505563147028585,-1.107950189608237,-0.8233408317778222,-1.0662307284200323,-1.0723427717947813,-0.8344196527069558,-1.0393016225376157,-1.095769762076647,-1.0678213439832005,-0.8786557195191388
4.206633388130171,4.204316731735701,4.395721623207594,4.43079844054367,4.261075179387732,1.60340899805283,1.4056863235765906,1.3874293827423032,1.4922008823785644,1.5351658123001637,-1.1151831269942205,-1.1328722244249987,-0.8008450541339359,-1.0882916801485158,-1.1072522788336066,-0.8786631463447971,-1.0887737747057409,-1.1105442731746895,-1.0910613158101101,-0.9391944908743589
4.238011730914741,4.258923403685986,4.449785383784705,4.5290282312196934,4.310231572636931,1.6196954167929976,1.4567521357907744,1.4058481534530298,1.5058362649474857,1.528204639801107,-1.139111817358952,-1.1531593370009658,-0.8915903756460974,-1.1143089790740934,-1.1234724373248155,-0.8764222743516313,-1.0848098304286042,-1.1537676869755926,-1.1329403509065166,-0.9373322803111573
4.312481879565021,4.311290497956489,4.507681313546276,4.59184831037337,4.390419571284203,1.6474636133161062,1.4621766822788356,1.4208862150177342,1.5171281315885812,1.5595305479403785,-1.1893189893959673,-1.1759093764120634,-0.8471867817678145,-1.1355656977565851,-1.1604590947169335,-0.9081550632707098,-1.109574302186951,-1.1488781227877785,-1.1485485931567856,-0.9716705894645845
4.365037142237493,4.366126639837141,4.559901724033585,4.629209107629098,4.428791108318686,1.6687090150571178,1.4677538086189335,1.4359401680127677,1.5214315014497648,1.574694278545251,-1.200550184209903,-1.1976107446337816,-0.9120746390019258,-1.1505496577965881,-1.2224873254574422,-0.9386073111390214,-1.1406830992934394,-1.1823057957100522,-1.1876493346735357,-0.9888797963652125
4.417736122661581,4.421813335039517,4.61046814842191,4.688688631876661,4.476815155022114,1.69510745802711,1.4885133492970457,1.4593446226297058,1.542435278652797,1.5967229855149672,-1.2215183026816698,-1.2229121997212091,-0.8308710020480398,-1.1770211928250733,-1.2286413115245087,-0.9816043999534431,-1.1790894558666571,-1.1959004155193995,-1.1900638631484017,-1.0139784260603186
4.501942891446192,4.475492712487093,4.6760506553371775,4.733465988696882,4.534767476090352,1.7083008308347003,1.521634902998878,1.4726302755968061,1.5770593371898944,1.5971856149339234,-1.2349077765347531,-1.2453599529241635,-0.9057421108273079,-1.2074156411813732,-1.2086835345860114,-0.9669647876155735,-1.1848335712227767,-1.2273784236185703,-1.236468539716499,-1.0337942880323416
4.519680528397099,4.530121492192471,4.727217733123998,4.7978102903970266,4.591634816191748,1.7065977697745303,1.5532273556977756,1.4962013881110259,1.618141814060059,1.627750217223731,-1.2632184566261075,-1.268029043263784,-0.9005725030454453,-1.2368907433632983,-1.238828675927733,-0.9950214832645754,-1.1974444754690117,-1.2729087304251767,-1.2372099609727583,-1.0574796445308183
4.587552673121839,4.586627490984284,4.78481522060977,4.844386834604931,4.655701264541157,1.7523274404524833,1.5641682047697643,1.5086556411598178,1.6181197092420814,1.6467621627536935,-1.2654711855190401,-1.2960262899082442,-0.9485967790584662,-1.2544822220045266,-1.2572167296179977,-1.0270922155989493,-1.2273761809982362,-1.2769691562191052,-1.2582189383987803,-1.0975952332750951
4.606426786949333,4.644625562694393,4.846766817516441,4.9349516898747385,4.715173069277723,1.7498844810791783,1.5626375053837536,1.5305356456298052,1.6294825228499044,1.675104752853817,-1.2927949172018725,-1.3165638814292373,-1.0202932133346008,-1.2758611162946127,-1.2798098437912857,-1.0397071457376699,-1.2486535301480304,-1.296358243987991,-1.2746839915026884,-1.084638337958074
4.716302018404812,4.699880043451707,4.89717818081688,4.974866248652297,4.775671389166775,1.7850444753350643,1.5691475788474814,1.544989880293212,1.6630895884186327,1.6822919057589536,-1.3548190212696998,-1.3396782629590238,-1.0158656548771359,-1.2921006518058742,-1.3091071390781406,-1.0651009521690495,-1.2626631942308502,-1.3211030101492074,-1.3074056706285562,-1.1455704036132133
4.745979408939874,4.7585902356373095,4.958546615669342,5.060717942011654,4.846824406960281,1.7714363509879925,1.598742377326122,1.5678339713041731,1.6640319544061806,1.7026284936787268,-1.3459389665054018,-1.3643250436405503,-0.9978370577278384,-1.3213942759290578,-1.3399003259194289,-1.1077922476429791,-1.288968835573603,-1.3532153422046826,-1.32926313039415,-1.160480147037698
4.805954173473811,4.815994256900109,5.020264824695599,5.09756225703498,4.869995025312117,1.7940031262019562,1.6351838856464742,1.5850790535217023,1.6922298762451087,1.7153758492346525,-1.3761888879326285,-1.3910454331487412,-1.0203947100748572,-1.3440704728653565,-1.3798223620273715,-1.1232538662799834,-1.3324419482556324,-1.3810299439155291,-1.3321537047614704,-1.1460588440288824
4.855578647388015,4.874572367676741,5.083304009558194,5.10997615475507,4.923695367779082,1.8548805087251956,1.641767575513211,1.6084235873320532,1.7291642302000667,1.7445285461150415,-1.4062906820372694,-1.415908771427669,-1.1220101617386837,-1.3725353843545394,-1.3610355447284805,-1.1245157274488538,-1.3334358896673635,-1.411665259976798,-1.397652087052019,-1.1878806337484578
4.915001943854324,4.932552060996927,5.136888456869723,5.265430026087564,5.005628548167036,1.8705671884086563,1.6657500511701893,1.62785883570105,1.733392890863342,1.7699485331415337,-1.4222306125803628,-1.44434270561145,-1.0774816520314605,-1.4097537973373577,-1.3559379410653094,-1.1644938363444899,-1.3760393303853635,-1.422461746354439,-1.3921470157869396,-1.190191680500478
4.988113965997836,4.989638087456496,5.203526403983169,5.260744555740736,5.06556902891899,1.8872262700847287,1.6923057938675672,1.6488864924298015,1.7822643550471642,1.7873972062054726,-1.4698694290152785,-1.4638982441695718,-1.1291752116735887,-1.4272342718320283,-1.4429148022727847,-1.2269564876147616,-1.4154782166336592,-1.4559318751303392,-1.4499759366895133,-1.2549132136795471
5.075530014633993,5.049985159048737,5.261039192052075,5.410596639215731,5.119323654980201,1.8925601422649028,1.713755918529012,1.665874620128421,1.7775196358904701,1.7979460820542332,-1.4745407922549807,-1.489730498606158,-1.0656409523685442,-1.4499320081972333,-1.4380154705294463,-1.19980640387627,-1.4127033950027095,-1.4916896613206814,-1.4702804475107676,-1.2845217519019851
5.093349841494274,5.109428178844064,5.322134234806336,5.378299422653684,5.165728439994434,1.924838064215713,1.7347169245128427,1.6901444554541152,1.787127533047001,1.840810835245606,-1.476335879023373,-1.5195061075263026,-1.1657861564336591,-1.477843523747936,-1.465262145181434,-1.2313463262434068,-1.4538959997089878,-1.5131209927723261,-1.4804098746295802,-1.2881846864786763
